"fish_id","total_flags","flagged_measurements","C_SL","P_SL","C_CAV","P_CAV","C_DS1","P_DS1","C_DS2","P_DS2","C_DS3","P_DS3","C_LPT","P_LPT","C_PSP.L","P_PSP.L","C_PSP.R","P_PSP.R","C_TPG","P_TPG","C_ECT","P_ECT","C_CLE","P_CLE","C_PMX","P_PMX"
"V330876_L544_1",12,"SL, CAV, DS1, DS2, DS3, LPT, PSP.L, PSP.R, TPG, ECT, CLE, PMX",3387.6977,3385.9309,391.2905,363.8669,0,0,0,0,101.1929,107.7033,84.0952,78.5875,0,0,0,0,164.9242,167.0449,472.3558,396.1818,382.8316,354.1073,121.4578,138.1014
"V331095_L770_1",12,"SL, CAV, DS1, DS2, DS3, LPT, PSP.L, PSP.R, TPG, ECT, CLE, PMX",2630.9247,2669.6983,310.0631,392.6772,0,0,0,0,92.4175,106.7333,92.4175,92,213.0845,0,211.154,0,393.5492,450.6395,314.0844,354.683,266.4432,268.4772,74.2159,70.9366
"V331155_L831_1",12,"SL, CAV, DS1, DS2, DS3, LPT, PSP.L, PSP.R, TPG, ECT, CLE, PMX",2576.1617,2592.7221,313.1975,323.4923,0,0,0,0,0,0,206.0413,55.3173,0,0,0,0,144.3122,104.0096,462.8661,361.2603,240.7862,390.0462,57.7062,80.7775
"V330677_L332_1",11,"CAV, DS1, DS2, DS3, LPT, PSP.L, PSP.R, TPG, ECT, CLE, PMX",3170.1655,NA,439.8412,485.5141,0,0,0,0,102.528,109.4166,87.0517,78.2304,0,0,0,0,207.1956,164.1585,386.9884,482.5971,282,367.2274,139.9428,160.9969
"V330719_L374_1",11,"CAV, DS1, DS2, DS3, LPT, PSP.L, PSP.R, TPG, ECT, CLE, PMX",3284.1924,NA,401.4331,390.9924,0,0,294.7032,107.0794,115.8016,238.665,77.8845,132.1363,0,0,0,0,171.84,194.3296,442.5076,335.0478,297.0606,362.4914,127.4559,143.6558
"V331152_L828_1",11,"SL, CAV, DS1, DS2, DS3, LPT, PSP.L, PSP.R, ECT, CLE, PMX",4535.7813,4606.5171,510.9983,575.9275,0,0,0,0,0,0,157.2768,148.4318,0,0,0,0,NA,168.7602,732,690.9703,503.5077,527.0598,101.9804,98.7927
"V330558_L204_1",10,"CAV, DS1, DS2, DS3, LPT, PSP.L, PSP.R, TPG, CLE, PMX",NA,4297.4077,499.7226,520.7138,0,0,0,0,126.4911,117.6435,172.0465,156.205,0,0,0,0,184.3909,180.0444,NA,400.4997,461.5106,539.2291,118.1863,124.0645
"V330639_L293_1",10,"CAV, DS1, DS2, DS3, LPT, PSP.L, PSP.R, ECT, CLE, PMX",3167.8139,NA,356.1524,321.1013,0,0,0,0,127.6323,114.0395,87.2067,89.8999,0,0,0,0,118.072,NA,576.6325,343.4705,358.9234,346.3019,88.2326,119.7748
"V330712_L371A_1",10,"CAV, DS1, DS2, DS3, LPT, PSP.L, PSP.R, ECT, CLE, PMX",NA,3391.2117,421.8138,433.3417,0,0,0,0,133.9627,152.7645,112.0893,139.5887,0,0,0,0,NA,NA,300.9585,332.662,258.9401,356.4828,153.2645,168.2409
"V330757_L414_1",10,"CAV, DS1, DS2, DS3, LPT, PSP.L, PSP.R, TPG, ECT, PMX",NA,NA,613.4013,528.5904,0,0,0,0,115.7627,127.3146,118.1863,134.1641,0,0,0,0,240.8423,150.03,313.0511,532.6162,384.796,NA,126.0357,170.8157
"V330991_L663_1",10,"CAV, DS1, DS2, DS3, LPT, PSP.L, PSP.R, TPG, ECT, CLE",NA,NA,398.808,398.4256,0,0,0,0,61.5549,89.1964,67.082,100.8464,0,0,0,0,303.0594,159.424,207.9543,439.6101,412.7045,415.3131,NA,NA
"V331017_L691_1",10,"CAV, DS1, DS2, DS3, LPT, PSP.L, PSP.R, TPG, ECT, CLE",NA,3993.058,542.6189,519.3756,0,0,0,0,156.4609,147.5669,152.8398,180.3996,0,0,0,0,311.7178,213.9533,532.8865,578.937,535.0589,558.6842,NA,NA
"V331058_L732_1",10,"CAV, DS1, DS2, DS3, LPT, PSP.L, PSP.R, TPG, ECT, CLE",NA,NA,2944.6222,366.7939,0,0,296.4321,295.8462,145.6022,153.2351,144.0555,108.1665,0,0,0,0,124.0645,132.8495,343.9535,402.1791,387.319,387.8247,108,NA
"V331385_L1084_1",10,"CAV, DS1, DS2, DS3, LPT, PSP.L, PSP.R, ECT, CLE, PMX",3532.5404,NA,490.3604,510.1648,229.4559,225.0778,316.7665,0,123.6932,0,114.6298,140,378.8681,0,354.1144,0,718.0599,NA,548.467,335.0104,429.5346,363.8901,140.5205,119.2812
"V331391_L1090_1",10,"DS1, DS2, DS3, LPT, PSP.L, PSP.R, TPG, ECT, CLE, PMX",NA,NA,NA,361.8823,0,0,249.4474,230.9026,99.4585,101.5135,132.7403,138.0326,0,0,0,0,128.8255,160.8011,372.65,304.777,315.4172,334.389,132.8157,132.6122
"V332390_L2132_1",10,"CAV, DS1, DS2, DS3, LPT, PSP.L, PSP.R, TPG, ECT, CLE",3640.7543,NA,426.9698,310.419,252.2856,289.6981,318.6926,329.6862,188.9047,175.391,141.1276,139.169,391.658,315.6992,339.4775,334.3486,689.8956,477.9425,442.0905,520.9472,416.7733,431.5206,120.9339,NA
"V330571_L220_1",9,"CAV, DS1, DS2, DS3, LPT, PSP.L, PSP.R, ECT, CLE",NA,1911.3983,231.158,238.1184,0,0,0,174.631,83.5703,98.7927,50.9902,63.561,0,0,0,0,NA,NA,320.0062,280.5851,276.8465,297.8456,NA,70.9366
"V330674_L329_1",9,"CAV, DS1, DS2, DS3, LPT, PSP.L, PSP.R, TPG, ECT",NA,NA,381.2364,347.0176,0,0,0,0,115.9181,0,85.3815,108.9036,0,0,0,0,134.4656,167.0449,262.6671,324.0309,NA,NA,93.1933,NA
"V330683_L340_1",9,"CAV, DS1, DS2, DS3, LPT, PSP.L, PSP.R, ECT, CLE",NA,NA,424.5379,403.9453,0,0,0,0,130.9733,0,111.6468,75.2396,0,0,0,0,NA,NA,505.5067,331.3608,415.8004,399.2819,NA,137.6735
"V330693_L350_1",9,"SL, CAV, DS1, DS2, DS3, LPT, PSP.L, PSP.R, PMX",1823.1282,1819.5745,241.5473,219.173,0,0,137.4627,162.6038,86.3481,80.2247,42.0476,58.3095,0,0,0,0,122.262,NA,NA,244.8265,NA,165.469,72.6911,44.0454
"V330742_L399_1",9,"SL, CAV, DS1, DS2, DS3, PSP.L, PSP.R, TPG, PMX",3791.2109,4081.4292,518.2702,522.8476,0,0,0,0,128.9961,119.3315,121.6553,NA,0,0,0,0,200,208.0385,544.0147,NA,NA,NA,142.0422,208.6912
"V330786_L447_1",9,"DS1, DS2, DS3, PSP.L, PSP.R, TPG, ECT, CLE, PMX",NA,NA,490.4941,NA,0,0,337.6166,300.7191,133.154,0,132.8495,NA,0,0,0,0,144,152.0526,442.7211,536.537,396.2953,395.3732,128.1601,149.3452
"V330908_L577_1",9,"DS1, DS2, DS3, LPT, PSP.L, PSP.R, TPG, ECT, CLE",NA,NA,NA,342.2289,0,0,315.3569,262.9677,125.1759,121.6224,121.5648,172.6268,0,0,0,0,132.8495,216.9239,372.9303,421.0701,321.9938,345.3983,NA,NA
"V331092_L767_1",9,"DS1, DS2, DS3, LPT, PSP.L, PSP.R, TPG, ECT, CLE",NA,3128.156,389.6859,NA,0,0,285.8199,330.9381,81.0555,152.7351,133.66,149.3452,0,0,0,0,362.3051,459.0773,432.1666,208.6912,312.0144,439.1446,NA,108
"V331209_L887_1",9,"CAV, DS1, DS2, DS3, LPT, PSP.L, PSP.R, ECT, CLE",NA,NA,404.41,436.8756,0,0,0,0,87.2067,98.4073,247.4773,232.5726,0,0,0,0,NA,286.0559,355.0282,392.9427,257.1089,345.1174,NA,156.5184
"V331502_L1215_1",9,"CAV, DS1, DS2, DS3, LPT, PSP.L, PSP.R, ECT, CLE",NA,2939.4397,357.2655,360.0415,0,0,0,0,104.3552,109.2016,144.281,141.2869,0,0,0,0,219.7385,NA,364.7931,385.2402,361.5093,362.4914,142.3025,NA
"V331532_L1248_1",9,"SL, CAV, DS1, DS2, DS3, LPT, PSP.L, PSP.R, PMX",3050.5606,3049.1883,392.2141,377.128,0,0,0,0,102.2155,110.1454,97.4064,129.3136,0,0,0,0,211.0924,NA,484.4626,NA,345.1377,NA,137.7534,138.2932
"V332843_L2698_1",9,"SL, CAV, DS1, DS2, DS3, LPT, PSP.L, PSP.R, CLE",3195.0394,3230.8384,393.4524,410.5551,0,0,0,0,53.4135,104.9571,82.5409,112.0089,0,0,0,0,NA,NA,NA,563.7606,412.5736,485.4163,152.9706,NA
"V330557_L203_1",8,"CAV, DS1, DS2, DS3, PSP.L, PSP.R, ECT, PMX",NA,4448.8866,592.2059,585.1762,0,0,301.7018,240.6657,122.4418,0,NA,144.5545,0,0,0,0,NA,185.2998,597.1265,543.0727,NA,524.1832,154.5057,101.2719
"V330560_L206_1",8,"CAV, DS1, DS2, DS3, LPT, PSP.L, PSP.R, TPG",NA,4940.753,610.6034,577.0612,0,0,262.7206,0,136.4177,0,176.0202,128.0625,0,0,0,0,180.0197,214.4015,309.6377,NA,450.4733,NA,NA,97.4064
"V330620_L271_1",8,"CAV, DS1, DS2, DS3, LPT, PSP.L, PSP.R, ECT",NA,NA,469.5178,482.2837,0,0,0,0,74.4312,96.933,84.214,114.3547,0,0,0,0,240.2166,NA,453.5416,543.7371,NA,NA,NA,NA
"V330644_L298_1",8,"DS1, DS2, DS3, PSP.L, PSP.R, ECT, CLE, PMX",NA,3455.8401,NA,380.5347,0,0,0,251.0339,0,0,NA,88.2836,0,0,0,0,NA,116.6919,415.389,500.6046,401.542,399.4621,176.2385,82.7587
"V330661_L315_1",8,"DS1, DS2, DS3, PSP.L, PSP.R, ECT, CLE, PMX",NA,2976.8523,NA,415.9945,0,0,0,207.6945,0,84.8528,NA,133.154,0,0,0,0,NA,67.4166,409.3324,287.1237,340.8005,358.5596,89.1964,84.534
"V330671_L326_1",8,"CAV, DS1, DS2, DS3, LPT, PSP.L, PSP.R, PMX",3095.5654,NA,402.8548,431.5119,0,0,0,0,158.4045,151.7893,166.3851,92.7793,0,0,0,0,NA,NA,450.6495,NA,NA,NA,86.3771,109.8362
"V330695_L352_1",8,"CAV, DS1, DS2, DS3, LPT, PSP.L, PSP.R, TPG",NA,4539.0959,601.047,533.6339,0,0,428.8963,0,148.4318,165.215,110.0545,143.6106,0,0,0,0,446.1749,228.3156,NA,NA,NA,526.1939,NA,164.9242
"V330755_L412_1",8,"DS1, DS2, DS3, PSP.L, PSP.R, ECT, CLE, PMX",NA,3813.324,NA,439.4566,0,0,0,309.9677,0,167.0928,NA,73.5391,0,400.7393,0,0,NA,602.289,302.4169,641.2488,447.3209,365.4039,104.69,101.9804
"V330812_L474_1",8,"CAV, DS1, DS2, DS3, LPT, PSP.L, PSP.R, TPG",NA,NA,407.7428,437.8286,0,0,0,0,138.9748,148.9463,149.459,132.8157,0,0,0,0,163.7681,310.8585,NA,507.8779,NA,423.4678,NA,NA
"V330828_L491_1",8,"DS1, DS2, DS3, PSP.L, TPG, ECT, CLE, PMX",NA,2427.6693,NA,297.4497,0,0,0,180.2498,0,97.719,NA,104.1729,133.4166,0,NA,0,133.8208,214.8953,288.2568,298.0604,280.5281,206.8913,56.4624,62.6099
"V331113_L788_1",8,"SL, CAV, DS1, DS2, DS3, LPT, PSP.L, PMX",4670.88,4471.7531,586.9946,596.6505,0,0,0,0,175.3169,150.1466,196.0408,184,0,436.9531,0,NA,814.1253,NA,318.5216,NA,418.9511,NA,125.6025,158.2403
"V331149_L825_1",8,"CAV, DS1, DS2, DS3, LPT, PSP.L, PSP.R, ECT",NA,5099.4812,587.8407,625.7322,0,0,104.3072,145.9863,152.3155,157.4929,190.0737,222.036,0,0,0,0,NA,NA,643.2915,774.9323,NA,630.587,NA,177.5387
"V332124_L1858_1",8,"DS1, DS2, PSP.L, PSP.R, TPG, ECT, CLE, PMX",NA,NA,NA,NA,0,0,0,0,NA,NA,NA,NA,0,0,0,0,648.3949,334.5923,578.3425,644.236,571.4543,657.2184,223.0336,270.1703
"V332434_L2177_1",8,"CAV, DS2, DS3, LPT, PSP.L, TPG, ECT, CLE",NA,NA,484.9822,484.1403,NA,291.0155,349.4682,381.8377,156,174.5423,128.2498,141.1276,427.3266,413.4562,NA,NA,856.0841,805.4316,646.5787,610.6161,606.419,604.6693,213.4666,NA
"V332857_L2712_1",8,"DS1, DS2, DS3, LPT, PSP.L, PSP.R, TPG, ECT",NA,NA,NA,385.4682,0,0,208.5809,0,79.2023,0,118.3765,93.4345,0,0,0,0,270.749,213.3378,484.8226,460.1847,NA,NA,NA,NA
"V333176_L3034_1",8,"DS1, DS2, PSP.L, PSP.R, TPG, ECT, CLE, PMX",NA,NA,NA,NA,0,0,0,0,NA,NA,NA,NA,0,0,0,0,208.0625,271.6616,605.1529,588.0077,631.7476,613.2487,157.035,165.9518
"V333199_L3058_1",8,"CAV, DS1, DS2, DS3, LPT, PSP.L, PSP.R, TPG",NA,NA,525.8213,494.6813,0,0,0,0,101.8676,100.8464,132.0341,117.1537,0,0,0,0,186,185.4427,517.0542,NA,586.7282,NA,NA,NA
"V330496_L138_1",7,"DS1, DS2, DS3, PSP.L, PSP.R, ECT, CLE",NA,NA,NA,NA,0,0,0,0,0,146.697,NA,112.6055,0,0,0,0,195,NA,429.0105,613.4175,545.8351,456.0395,68.4105,NA
"V330525_L169_1",7,"DS1, DS2, DS3, PSP.L, PSP.R, CLE, PMX",NA,NA,NA,540.0084,0,0,0,0,0,164.195,NA,81.5843,0,0,0,0,NA,137.6372,NA,443.0621,533.1866,497.9317,104.3072,118.9285
"V330591_L242_1",7,"SL, CAV, DS1, DS2, DS3, PSP.L, PSP.R",4093.9612,4005.487,568.2632,510.5848,0,0,392.3264,419.6951,0,162.4315,135.8234,NA,0,0,0,0,NA,NA,614.9211,NA,NA,NA,76.4199,NA
"V330698_L356_1",7,"DS1, DS2, DS3, PSP.L, PSP.R, TPG, CLE",NA,NA,NA,434.6186,0,0,0,0,0,123.0366,NA,101.8676,0,0,0,0,198.658,177.1017,NA,394.1434,393.9264,375.5875,NA,164.7544
"V330759_L416_1",7,"DS1, DS2, LPT, PSP.L, PSP.R, ECT, CLE",NA,2905.4872,NA,343.3271,0,0,0,0,NA,85.3288,74.027,84.4808,0,0,0,0,NA,NA,414.56,352.6372,230.8679,319.581,NA,79.2023
"V330764_L422_1",7,"CAV, DS1, DS2, DS3, LPT, PSP.L, PSP.R",4562.2538,NA,599.8012,622.9485,0,0,0,0,128.0625,118.9285,201.4349,197.4639,0,0,0,0,NA,NA,NA,NA,NA,NA,124.5793,NA
"V330793_L454_1",7,"DS1, DS2, DS3, LPT, PSP.L, PSP.R, PMX",2906.6462,NA,370.5522,NA,0,0,0,0,0,0,114.4028,123.6285,0,0,0,0,152.3155,NA,209.7236,NA,322.4903,NA,58.2409,83.1865
"V330840_L505_1",7,"DS1, DS2, DS3, PSP.L, PSP.R, TPG, ECT",NA,2970.503,NA,372.3849,0,0,0,0,0,86.1626,NA,68.8186,0,0,0,0,173.77,144.5545,437.1727,334.9746,NA,398.5775,NA,56.5685
"V330870_L538_1",7,"DS1, DS2, DS3, PSP.L, PSP.R, CLE, PMX",2790.1613,NA,323.9322,NA,0,0,168.9083,0,0,0,82.3772,NA,0,0,0,0,84,NA,380.6219,NA,346.3019,369.1951,95.2943,114.0395
"V330888_L556_1",7,"DS1, DS2, PSP.L, PSP.R, ECT, CLE, PMX",NA,NA,391.5331,NA,0,0,0,0,76.4853,NA,90.2497,NA,0,0,0,0,NA,NA,475.6017,421.7321,379.8763,423.967,90.2497,72
"V330939_L608_1",7,"CAV, DS1, DS3, PSP.L, PSP.R, TPG, ECT",NA,NA,375.9919,397.1175,107.6476,0,0,NA,97.2008,110.4536,NA,NA,0,0,0,0,142.6184,134.5362,353.8361,401.1384,NA,266.6608,102.45,NA
"V330944_L613_1",7,"CAV, DS1, DS2, DS3, LPT, PSP.L, PSP.R",NA,NA,618.8115,594.3344,0,0,0,0,130.2498,153.1535,146.5094,193.3287,0,0,0,0,NA,NA,NA,NA,NA,588.5576,NA,237.8571
"V330945_L614_1",7,"DS1, DS2, DS3, PSP.L, PSP.R, ECT, PMX",NA,NA,NA,NA,0,0,0,248.5156,0,0,NA,NA,0,0,0,0,NA,168.3449,680.1323,698.4125,NA,459.0643,155.0484,87.7268
"V331026_L700_1",7,"CAV, DS1, DS2, DS3, PSP.L, PSP.R, CLE",NA,NA,331.3014,327.4843,0,0,0,0,0,72.0625,NA,NA,0,0,0,0,NA,NA,NA,370.9461,363.7925,349.4968,NA,NA
"V331864_L1592_1",7,"CAV, DS1, DS2, DS3, LPT, PSP.L, PSP.R",4195.5596,NA,477.4109,509.0597,0,0,0,0,203.2142,0,164.7786,114.0395,0,0,0,0,410.7749,NA,596.1208,NA,524.9762,NA,104.9952,NA
"V332071_L1804_1",7,"DS1, PSP.L, PSP.R, TPG, ECT, CLE, PMX",NA,2682.9629,344.9945,NA,104.3552,0,NA,0,NA,NA,NA,NA,311.899,293.0188,304.245,301.4963,393.0801,395.8409,318.6926,363.743,382.8733,371.0795,93.0484,94.8683
"V332244_L1982_1",7,"CAV, DS1, DS2, DS3, LPT, PSP.L, PSP.R",NA,NA,499.3083,497.6711,0,0,0,0,99.1817,100.5783,83.5703,97.6729,0,0,0,0,NA,148.822,NA,NA,NA,NA,NA,NA
"V332273_L2011_1",7,"CAV, DS1, DS2, DS3, LPT, PSP.L, PSP.R",NA,3304.4275,409.3839,425.9588,0,0,0,0,91.2414,0,133.9291,132.1363,0,0,0,0,NA,157.4071,NA,NA,NA,488.3646,NA,NA
"V332837_L2692_1",7,"DS1, DS2, PSP.L, PSP.R, ECT, CLE, PMX",NA,NA,NA,NA,0,0,0,0,NA,NA,NA,NA,0,0,0,0,123.3288,NA,415.8654,483.6238,491.1395,543.3415,165.463,182.3952
"V333410_L3252_1",7,"DS1, DS2, DS3, LPT, PSP.L, PSP.R, PMX",NA,3900.2051,NA,522.1596,0,0,0,0,94.1488,82.4621,88.0909,104.69,0,0,0,0,160.4494,NA,448.4462,NA,492.0163,NA,164.4384,193.0389
"V330400_L40_1",6,"SL, DS1, DS2, DS3, PSP.L, PSP.R",3580.2145,3601.3975,422.7414,NA,0,0,0,0,0,0,88.4081,NA,0,0,0,0,565.2787,NA,578.1661,NA,495.7177,NA,78.5875,NA
"V330455_L95_1",6,"DS1, DS2, DS3, PSP.L, PSP.R, CLE",NA,NA,398.9767,NA,0,0,0,0,0,86.3771,NA,NA,0,0,0,0,NA,NA,NA,356.8991,364.5339,286.2447,NA,42.107
"V330466_L106_1",6,"DS1, DS2, DS3, PSP.L, PSP.R, TPG",NA,4012.4849,NA,NA,0,0,0,0,0,101.8234,NA,142.2252,0,0,0,0,155.0629,160.4244,NA,413.4731,588.8022,NA,NA,143.0245
"V330513_L155_1",6,"DS1, DS2, DS3, PSP.L, PSP.R, PMX",NA,NA,NA,NA,0,0,0,0,0,0,150.12,NA,0,0,0,0,124.3101,NA,676.4983,NA,657.1918,NA,113.2078,202.4253
"V330523_L166_1",6,"DS1, DS2, DS3, PSP.L, PSP.R, PMX",NA,2125.586,NA,NA,0,0,0,0,0,0,NA,NA,0,0,0,0,NA,94.255,NA,239.8833,NA,222.5039,77.2528,57.7235
"V330538_L182_1",6,"CAV, DS1, DS2, DS3, PSP.L, PSP.R",NA,2784.6285,362.8283,365.9392,0,0,0,275.7716,121.6224,138.0326,NA,121.4907,0,0,0,0,NA,NA,NA,469.8808,NA,NA,NA,77.4209
"V330542_L187_1",6,"DS1, DS2, DS3, PSP.L, PSP.R, PMX",4613.0563,NA,560.0582,NA,0,0,0,0,0,0,130.2306,NA,0,0,0,0,231.8965,NA,540.7254,NA,NA,636.088,222.1711,123.4828
"V330549_L194_1",6,"DS1, DS2, DS3, PSP.L, PSP.R, ECT",3979.4874,NA,491.098,NA,0,0,0,257.6199,153.8831,0,NA,NA,0,0,0,0,NA,NA,534.161,350.8219,NA,NA,139.1402,NA
"V330559_L205_1",6,"CAV, DS1, DS3, PSP.L, PSP.R, ECT",NA,NA,410.3997,440.1035,202.8694,0,NA,247.4773,103.3247,101.8676,76.4199,NA,0,0,0,0,108.0185,NA,331.8795,386.6277,280.8558,NA,NA,NA
"V330567_L216_1",6,"CAV, DS1, DS2, PSP.L, PSP.R, PMX",2986.9048,NA,377.2653,383.7982,0,0,0,0,0,NA,140.4564,NA,0,0,0,0,NA,107.0794,NA,336.0268,NA,399.845,72,165.3269
"V330570_L219_1",6,"DS1, DS2, DS3, LPT, PSP.L, PSP.R",NA,3107.8385,NA,386.7396,0,0,233.0322,206.6495,0,107.629,169.1656,121.6553,0,0,0,0,NA,NA,NA,325.9939,NA,388.8033,NA,115.1694
"V330592_L243_1",6,"CAV, DS1, DS2, DS3, PSP.L, PSP.R",NA,NA,516.7118,407.7761,0,0,0,0,129.9731,133.154,NA,117.1537,0,0,0,0,NA,NA,NA,NA,NA,NA,NA,NA
"V330605_L256_1",6,"DS1, DS2, DS3, PSP.L, PSP.R, PMX",NA,4557.5713,NA,601.3159,0,0,0,0,0,141.4214,NA,161.2452,0,0,0,0,NA,NA,NA,640.05,NA,658.5924,194.0309,141.8732
"V330614_L265_1",6,"DS1, DS2, DS3, PSP.L, PSP.R, ECT",NA,NA,NA,367.8345,0,0,0,0,0,135.2997,NA,123.9113,0,0,0,0,NA,NA,278.2894,440.6733,NA,412.3227,NA,112.9292
"V330651_L305_1",6,"CAV, DS1, DS2, DS3, PSP.L, PSP.R",NA,2632.7508,309.6793,287.3686,0,0,0,0,0,87.4757,NA,87.3613,0,0,0,0,NA,120.0666,NA,295.9189,NA,310.4835,NA,NA
"V330666_L321_1",6,"DS1, DS2, DS3, PSP.L, PSP.R, PMX",NA,3459.2045,NA,381.525,0,0,0,0,0,116.619,NA,194.6484,0,0,0,0,NA,NA,462.9644,NA,419.6475,NA,109.3435,136.0588
"V330704_L362_1",6,"DS1, DS2, DS3, PSP.L, PSP.R, TPG",NA,NA,NA,576.7361,0,0,0,0,0,143.5618,NA,NA,131.0267,0,123.3207,0,259.6151,198.5674,NA,NA,NA,NA,NA,NA
"V330709_L368_1",6,"DS1, DS2, DS3, PSP.L, PSP.R, PMX",NA,NA,NA,635.908,0,0,0,0,0,0,NA,129.8692,0,0,0,0,150.6586,NA,NA,NA,NA,NA,225.8584,168.2409
"V330724_L381_1",6,"DS1, DS2, DS3, PSP.L, PSP.R, ECT",NA,NA,NA,579.5978,0,0,0,0,0,110.0227,NA,132.8495,0,0,0,0,NA,NA,386.2642,404.4997,NA,433.1028,NA,142.6184
"V330731_L388_1",6,"CAV, DS1, DS2, DS3, PSP.L, PSP.R",NA,NA,438.4584,448.2104,0,0,0,0,98.6813,123.584,NA,NA,0,0,0,0,NA,NA,NA,NA,NA,NA,NA,NA
"V330826_L489_1",6,"DS1, DS2, DS3, PSP.L, PSP.R, PMX",NA,NA,NA,NA,0,0,0,0,0,0,NA,NA,0,0,0,0,120.9339,NA,394.5884,NA,382.038,NA,90.7965,80.7775
"V330855_L523_1",6,"SL, DS1, DS2, DS3, PSP.L, PSP.R",3864.4058,3829.7171,549.6147,NA,0,0,0,0,125.6025,0,132.2422,NA,0,0,0,0,518.0563,NA,516.4408,NA,310.4178,NA,98.8915,NA
"V330866_L534_1",6,"CAV, DS1, DS2, DS3, PSP.L, PSP.R",NA,NA,573.651,578.2484,0,0,0,0,0,129.5531,NA,137.4627,0,0,0,0,NA,290.7645,NA,555.4098,NA,400.6794,NA,NA
"V330872_L540_1",6,"DS1, DS2, DS3, PSP.L, PSP.R, CLE",NA,NA,NA,NA,0,0,0,0,0,0,NA,NA,0,0,0,0,NA,179.9778,NA,390.1282,410.3121,379.6841,NA,73.2393
"V330904_L573_1",6,"DS1, DS2, DS3, PSP.L, PSP.R, TPG",NA,3742.7092,NA,417.6419,0,0,0,202.7807,0,141.7604,NA,116,0,0,0,0,350.4868,241.197,NA,474.4007,NA,316.8091,NA,131.9394
"V330949_L618_1",6,"DS1, DS2, DS3, PSP.L, PSP.R, TPG",NA,1946.2996,NA,238.6981,0,0,0,0,0,87.6185,NA,77.1298,0,0,0,0,94.1488,84.9058,NA,271.0646,NA,229.9848,NA,90.05
"V330997_L670_1",6,"SL, DS1, DS2, TPG, ECT, CLE",3756.9094,3975.7424,542.2977,NA,0,0,0,0,NA,127.059,NA,NA,NA,360.1111,NA,NA,589.359,615.2203,451.8761,484.9412,380.0842,548.2335,NA,135.3514
"V331078_L753_1",6,"DS1, DS2, DS3, PSP.L, PSP.R, CLE",NA,NA,NA,NA,0,0,0,167.2752,0,123.1463,NA,NA,0,0,0,0,NA,NA,530.1924,NA,331.4453,402.1903,NA,NA
"V331223_L901_1",6,"DS1, DS2, DS3, PSP.L, PSP.R, ECT",NA,3123.0231,NA,370.4426,0,0,0,0,0,132.5443,NA,106.066,0,0,0,0,NA,183.393,429.0105,235.5525,NA,336.7625,NA,99.4082
"V331459_L1167_1",6,"DS1, DS2, DS3, PSP.L, PSP.R, CLE",NA,NA,NA,649.1422,0,0,0,0,135.4843,0,191.0183,NA,0,0,0,0,NA,161.1366,NA,NA,664.7255,524.2452,140.8687,NA
"V331489_L1201_1",6,"DS1, DS2, DS3, LPT, PSP.L, PSP.R",NA,NA,353.2864,NA,0,0,0,0,73.5391,109.4897,112.641,120.4159,0,0,0,0,NA,NA,369.432,NA,279.4852,NA,NA,88.8144
"V331514_L1227_1",6,"CAV, DS1, DS2, DS3, PSP.L, PSP.R",NA,NA,553.7262,535.5007,0,0,0,0,108.6646,144.1249,NA,NA,0,0,0,0,NA,NA,NA,NA,NA,NA,216.3331,NA
"V332073_L1806_1",6,"CAV, DS1, PSP.L, PSP.R, ECT, CLE",NA,NA,413.1257,435.5698,0,0,0,NA,107.7079,NA,100.1299,NA,0,0,0,0,163.6857,NA,444.6684,357.7555,455.1505,405.7105,NA,114.6298
"V332580_L2327_1",6,"DS1, DS2, PSP.L, TPG, ECT, CLE",NA,NA,598.5752,NA,0,222.7285,398.4972,425.0271,242.9815,NA,272.0294,NA,538.9174,707.3132,NA,NA,1152.5624,1165.8696,844.6064,644.686,810.9057,662.4568,NA,NA
"V332645_L2497_1",6,"DS1, DS2, DS3, LPT, PSP.L, PSP.R",NA,NA,NA,482.098,55.8032,0,0,0,0,126.1428,135.0333,112.0893,0,0,0,0,216.541,NA,NA,NA,523.9275,NA,146.1095,NA
"V332774_L2629_1",6,"CAV, DS1, DS2, DS3, PSP.L, PSP.R",NA,NA,292.9325,299.2408,0,0,0,0,111.0856,105.5462,123.3207,NA,0,0,0,0,NA,NA,NA,NA,NA,NA,NA,NA
"V332844_L2699_1",6,"CAV, DS1, DS2, DS3, PSP.L, PSP.R",NA,3504.0205,451.2724,464.2143,0,0,0,0,0,112.0089,NA,75.9539,0,0,0,0,NA,102.6158,NA,NA,NA,470.4551,NA,178.3171
"V332974_L2829_1",6,"DS1, DS2, LPT, PSP.R, TPG, PMX",NA,NA,NA,NA,312.8786,409.3702,501.0808,490.306,NA,NA,203.2265,136.5284,NA,516.31,532.6922,585.9693,776.7278,862.6842,NA,604.3707,NA,585.8191,131.727,244.2294
"V333065_L2920_1",6,"DS1, DS2, PSP.L, PSP.R, ECT, CLE",NA,NA,NA,NA,0,0,0,0,NA,NA,NA,NA,0,0,0,0,40.4969,NA,372.5802,387.2209,500.3998,351.141,NA,128.8255
"V334376_L4200_1",6,"CAV, DS1, DS2, DS3, PSP.L, PSP.R",NA,NA,596.1366,612.3323,0,0,0,354.7393,156.8184,177.6739,NA,NA,0,0,0,0,NA,NA,NA,NA,NA,NA,NA,NA
"V330363_L2_1",5,"DS1, DS2, DS3, PSP.L, PSP.R",NA,4858.5405,567.1192,NA,0,0,0,0,125.9365,0,144.8862,NA,0,0,0,0,NA,169.7528,NA,467.2387,NA,632.5219,NA,127.2792
"V330365_L4_1",5,"DS1, DS2, DS3, PSP.L, PSP.R",2205.1,NA,NA,NA,0,0,0,0,0,65.7647,NA,NA,0,0,0,0,NA,NA,NA,NA,NA,NA,75.7694,NA
"V330388_L28_1",5,"DS1, DS2, DS3, PSP.L, PSP.R",NA,NA,NA,NA,0,0,0,0,0,0,NA,NA,0,0,0,0,NA,NA,NA,NA,NA,NA,NA,NA
"V330390_L30_1",5,"DS1, DS2, DS3, PSP.L, PSP.R",NA,4194.0043,527.0319,NA,0,0,0,329.12,0,210.2189,55.1725,NA,286.531,0,274.4668,0,644.6984,NA,537.3863,NA,432.1342,NA,NA,123.3694
"V330397_L37_1",5,"DS1, DS2, DS3, PSP.L, PSP.R",NA,2979.8156,332.7197,NA,0,0,0,0,0,0,63.3877,NA,0,0,0,0,553.1094,NA,448.2912,NA,281.3254,NA,NA,NA
"V330399_L39_1",5,"DS1, DS2, DS3, PSP.L, PSP.R",NA,3981.3043,487.4651,NA,0,0,0,0,0,0,138.5208,NA,0,0,0,0,NA,875.7168,NA,NA,NA,361.884,NA,83.5225
"V330407_L47_1",5,"DS1, DS2, DS3, PSP.L, PSP.R",3994.4653,NA,NA,NA,0,0,270.7028,0,0,0,NA,NA,0,0,0,0,NA,NA,739.7838,NA,789.8962,NA,NA,193.4942
"V330424_L64_1",5,"DS1, DS2, DS3, PSP.L, PSP.R",NA,NA,479.7707,NA,266.3682,0,281.3965,0,186.6869,0,171.2367,NA,0,0,0,0,660.6134,NA,444.4255,NA,293.0188,NA,NA,NA
"V330458_L98_1",5,"DS1, DS2, DS3, PSP.L, PSP.R",NA,4787.8115,NA,578.802,0,0,0,0,0,0,NA,172.676,0,0,0,0,NA,259.9461,NA,587.6402,NA,NA,240.4683,NA
"V330462_L102_1",5,"DS1, DS2, DS3, PSP.L, PSP.R",NA,NA,397.5113,NA,0,0,0,0,68,0,86.8304,NA,0,0,0,0,133.0198,NA,292.7267,NA,NA,NA,NA,NA
"V330464_L104_1",5,"DS1, DS2, DS3, PSP.L, PSP.R",NA,NA,NA,NA,0,0,0,0,0,0,NA,126.5701,0,0,0,0,NA,172.7078,NA,327.7682,NA,NA,NA,NA
"V330468_L108_1",5,"DS1, DS2, DS3, PSP.L, PSP.R",NA,3063.8903,NA,371.5762,0,0,0,0,0,0,NA,99.7246,0,0,0,0,NA,NA,NA,479.4372,NA,300.3748,NA,49.6588
"V330473_L113_1",5,"DS1, DS2, DS3, PSP.L, PSP.R",NA,NA,535.8274,NA,0,0,0,0,120.8119,0,89.4427,NA,0,0,0,0,589.5354,NA,NA,NA,636.5532,NA,116.4818,NA
"V330474_L114_1",5,"DS1, DS2, DS3, PSP.L, PSP.R",NA,NA,NA,404.9763,0,0,0,277.2003,0,116.8418,NA,110.3087,0,0,0,0,NA,169.2572,NA,400.7842,NA,323.444,NA,67.9117
"V330481_L122_1",5,"DS1, DS2, DS3, PSP.L, PSP.R",NA,NA,496.1181,NA,0,0,0,0,0,0,NA,NA,0,0,0,0,NA,NA,NA,NA,NA,NA,NA,NA
"V330483_L125_1",5,"DS1, DS2, DS3, PSP.L, PSP.R",NA,NA,NA,NA,0,0,243.3927,0,109.3435,0,NA,172.7021,0,0,0,0,NA,141.5097,NA,407.8787,NA,NA,NA,NA
"V330484_L126_1",5,"DS1, DS2, DS3, PSP.L, PSP.R",NA,NA,NA,568.7825,0,0,0,0,0,0,NA,NA,0,0,0,0,NA,NA,NA,NA,NA,NA,NA,NA
"V330490_L132_1",5,"DS1, DS2, DS3, PSP.L, PSP.R",1954.96,NA,327.7899,NA,0,0,0,0,0,0,NA,NA,0,0,0,0,NA,NA,NA,269.0725,NA,201.1368,NA,50.9902
"V330492_L134_1",5,"DS1, DS2, DS3, PSP.L, PSP.R",NA,3340.7893,NA,395.9624,0,0,0,0,0,0,134.7264,NA,0,0,0,0,NA,489.6897,NA,349.1361,NA,302.1672,NA,88.2836
"V330493_L135_1",5,"DS1, DS2, DS3, PSP.L, PSP.R",NA,NA,466.2384,NA,0,0,0,0,135.3514,0,NA,NA,0,0,0,0,227.4379,NA,412.0777,NA,423.7924,NA,88.3629,NA
"V330494_L136_1",5,"DS1, DS2, DS3, PSP.L, PSP.R",NA,NA,353.2949,NA,0,0,0,0,110.4975,0,93.1428,NA,0,0,0,0,NA,NA,NA,NA,NA,NA,55.0727,NA
"V330495_L137_1",5,"DS1, DS2, DS3, PSP.L, PSP.R",NA,NA,360.448,NA,0,0,0,0,124.4508,0,NA,NA,0,0,0,0,NA,NA,NA,NA,NA,NA,NA,NA
"V330502_L144_1",5,"DS1, DS2, DS3, PSP.L, PSP.R",3024.6443,NA,404.4059,NA,0,0,0,0,90.4489,0,84.4808,NA,0,0,0,0,148.9463,NA,360.9986,NA,356.7856,NA,77.4209,NA
"V330504_L146_1",5,"DS1, DS2, DS3, PSP.L, PSP.R",NA,NA,NA,NA,0,0,0,0,0,0,NA,NA,0,0,0,0,NA,NA,NA,NA,NA,NA,NA,NA
"V330507_L149_1",5,"DS1, DS2, DS3, PSP.L, PSP.R",NA,NA,435.9136,NA,0,0,0,0,0,0,NA,82.3772,0,0,0,0,NA,NA,NA,NA,NA,NA,NA,NA
"V330509_L151_1",5,"DS1, DS2, DS3, PSP.L, PSP.R",4502.8963,NA,548.429,NA,0,0,0,0,123.4828,0,104.3072,NA,0,0,0,0,189.0608,NA,340.5877,NA,495.9032,NA,160.9969,NA
"V330533_L177_1",5,"DS1, DS2, DS3, PSP.L, PSP.R",NA,NA,NA,NA,0,0,0,0,0,0,NA,NA,0,0,224.1428,0,514.389,NA,333.7664,NA,NA,429.7953,NA,NA
"V330534_L178_1",5,"DS1, DS2, DS3, PSP.L, PSP.R",3178.021,NA,395.527,NA,0,0,0,0,93.723,0,87.2067,NA,0,0,0,0,160.8011,NA,NA,407.3046,394.4515,NA,165.4358,NA
"V330536_L180_1",5,"DS1, DS2, DS3, PSP.L, PSP.R",1993.0931,NA,NA,257.4936,0,0,0,0,0,78,NA,76,0,0,0,0,NA,110.6345,NA,223.6605,NA,231.7585,NA,51.8845
"V330548_L193_1",5,"DS1, DS2, DS3, PSP.L, PSP.R",NA,2973.0658,416.316,NA,0,0,0,0,0,118.8486,NA,61.6604,0,0,0,0,67.8823,NA,346.8833,NA,311.1913,NA,90.6201,NA
"V330555_L201_1",5,"DS1, DS2, DS3, PSP.L, PSP.R",4817.1029,NA,557.2685,NA,0,0,255.8124,261.3963,210.2189,0,NA,135.8308,0,0,0,0,NA,173.9224,668.766,NA,749.8907,NA,118.4567,NA
"V330561_L209_1",5,"DS1, DS2, DS3, PSP.L, PSP.R",NA,NA,NA,476.688,0,0,0,0,0,0,NA,NA,0,0,0,0,NA,180.4882,NA,NA,NA,NA,NA,NA
"V330562_L210_1",5,"DS1, DS2, DS3, PSP.L, PSP.R",NA,NA,NA,NA,0,0,0,0,91.0824,0,76.0263,NA,0,0,0,0,80.6226,NA,360.0889,NA,342.5318,NA,NA,NA
"V330565_L214_1",5,"DS1, DS2, DS3, PSP.L, PSP.R",NA,NA,NA,439.0368,0,0,0,0,0,0,NA,NA,0,0,0,0,148.1891,NA,NA,561.0321,NA,560.4463,NA,150.2698
"V330568_L217_1",5,"DS1, DS2, DS3, PSP.L, PSP.R",NA,2939.4397,NA,363.2813,0,0,0,245.5239,0,117.1537,NA,110.0227,0,0,0,0,NA,121.5648,NA,342.4865,NA,337.2432,111.3239,NA
"V330569_L218_1",5,"DS1, DS2, DS3, PSP.L, PSP.R",NA,NA,NA,421.8085,0,0,256.3201,0,127.122,0,96.0833,NA,0,0,0,0,138.9244,NA,NA,NA,NA,NA,NA,NA
"V330572_L221_1",5,"DS1, DS2, DS3, PSP.L, PSP.R",NA,3725.8929,NA,452.879,0,0,0,0,0,0,NA,184.0435,0,0,0,0,NA,152.3155,NA,376.0851,NA,NA,NA,118.9285
"V330576_L225_1",5,"DS1, DS2, DS3, PSP.L, PSP.R",NA,NA,NA,NA,0,0,0,0,0,0,NA,NA,0,0,0,0,NA,NA,NA,NA,NA,NA,NA,97.949
"V330578_L227_1",5,"DS1, DS2, DS3, PSP.L, PSP.R",NA,3887.4132,NA,513.953,0,0,0,0,0,141.4214,NA,117.7115,0,0,0,0,NA,79.196,NA,538.5908,NA,436.8066,NA,95.4149
"V330579_L228_1",5,"DS1, DS2, DS3, PSP.L, PSP.R",NA,NA,NA,540.9906,0,0,0,0,0,128.8604,NA,99.363,0,0,0,0,NA,123.1463,NA,NA,NA,NA,NA,NA
"V330583_L232_1",5,"DS1, DS2, DS3, PSP.L, PSP.R",NA,NA,NA,355.4152,0,0,0,0,0,87.4643,NA,75,0,0,0,0,NA,NA,NA,320.0031,NA,NA,59.1692,NA
"V330585_L236_1",5,"DS1, DS2, DS3, PSP.L, PSP.R",NA,4372.1021,NA,619.8879,0,0,0,0,0,129.5531,NA,184.1738,0,0,0,0,NA,NA,554.4006,NA,621.7009,NA,NA,107.7033
"V330588_L239_1",5,"DS1, DS2, DS3, PSP.L, PSP.R",NA,NA,NA,361.989,0,0,0,0,0,89.0449,NA,153.2645,0,0,0,0,NA,127.738,NA,279.9018,NA,385.3687,NA,NA
"V330595_L246_1",5,"DS1, DS2, DS3, PSP.L, PSP.R",NA,3314.3959,400.8361,NA,0,0,0,0,99.1615,0,105.2616,NA,0,0,0,0,NA,NA,234.5464,NA,449.9111,NA,NA,NA
"V330600_L251_2",5,"DS1, DS2, DS3, PSP.L, PSP.R",NA,NA,NA,NA,0,0,0,0,0,0,NA,NA,0,0,0,0,NA,NA,NA,545.2339,NA,461.7359,NA,NA
"V330601_L252_1",5,"DS1, DS2, DS3, PSP.L, PSP.R",NA,NA,NA,419.6419,0,0,0,0,0,147.611,NA,122.45,0,0,0,0,103.6195,NA,NA,NA,NA,NA,NA,NA
"V330603_L254_1",5,"DS1, DS2, DS3, PSP.L, PSP.R",NA,NA,NA,450.8351,0,0,0,0,0,106.4049,NA,116.4989,0,0,0,0,NA,NA,366.8787,NA,479.1701,NA,NA,163.6857
"V330612_L263_1",5,"DS1, DS2, DS3, PSP.L, PSP.R",NA,NA,NA,NA,0,0,0,0,0,0,NA,NA,0,0,0,0,NA,250.4596,NA,396.1818,NA,342.3814,NA,95.2943
"V330613_L264_1",5,"DS1, DS2, DS3, PSP.L, PSP.R",NA,NA,NA,739.4091,0,0,0,0,0,0,NA,213.3542,0,0,0,0,NA,164.4384,NA,NA,NA,NA,NA,NA
"V330615_L266_1",5,"DS1, DS2, DS3, PSP.L, PSP.R",NA,2677.3786,NA,343.8236,0,0,0,0,0,80.4984,NA,60.6712,0,0,0,0,NA,NA,NA,399.0451,NA,384.0117,NA,57.6281
"V330618_L269_1",5,"DS1, DS2, DS3, PSP.L, PSP.R",NA,NA,NA,549.0725,0,170.5784,0,357.7555,0,117.8813,NA,121.4907,0,0,0,0,NA,203.8235,NA,427.4026,NA,381.425,NA,NA
"V330631_L285_1",5,"CAV, DS3, LPT, PSP.L, PSP.R",NA,NA,368.2553,347.5102,0,NA,0,NA,96.1041,101.6071,91.0824,88.7694,0,0,0,0,NA,NA,407.0037,NA,359.2548,NA,NA,NA
"V330637_L291_1",5,"DS1, DS2, DS3, PSP.L, PSP.R",NA,4156.2772,NA,518.9087,0,0,0,0,105,0,NA,78.2304,0,0,0,0,NA,165.0273,NA,560.3258,NA,411.1751,NA,75.06
"V330649_L303_1",5,"DS1, DS2, DS3, PSP.L, PSP.R",NA,NA,NA,557.897,0,0,0,0,0,147.5127,NA,147.5669,0,0,0,0,251.0527,NA,NA,NA,NA,NA,NA,NA
"V330700_L358_1",5,"DS1, DS2, DS3, PSP.L, PSP.R",NA,NA,363.1557,NA,0,0,0,0,0,0,NA,NA,0,0,0,0,NA,NA,413.1404,NA,NA,306.6023,NA,NA
"V330703_L361_1",5,"DS1, DS2, DS3, PSP.L, PSP.R",NA,NA,499.9756,NA,0,0,0,268.881,0,130.6981,NA,171.1052,0,0,0,0,NA,NA,NA,NA,NA,NA,NA,NA
"V330721_L376_1",5,"DS1, DS2, DS3, PSP.L, PSP.R",NA,4747.7287,NA,553.1735,0,0,0,281.3112,0,130.292,NA,145.9863,0,0,0,0,191.8593,NA,397.1347,NA,346.9899,NA,NA,226.4509
"V330722_L377_1",5,"DS1, DS2, DS3, PSP.L, PSP.R",NA,NA,NA,NA,0,0,0,424.3018,0,248.129,NA,NA,0,0,0,0,NA,NA,NA,444.6684,NA,358.522,NA,178.3171
"V330734_L391_1",5,"DS1, DS2, DS3, PSP.L, PSP.R",NA,NA,NA,353.1235,0,0,0,0,0,86.3771,107.0794,NA,0,0,0,0,NA,135.5655,NA,364.0275,NA,287.5622,NA,69.7782
"V330735_L392_1",5,"DS1, DS2, DS3, PSP.L, PSP.R",NA,2954.1288,NA,353.4502,0,0,0,0,0,88.2326,NA,115.4123,0,0,0,0,NA,NA,NA,413.3038,336.0268,NA,NA,112.45
"V330737_L394_1",5,"DS1, DS2, PSP.L, PSP.R, TPG",NA,NA,NA,NA,0,0,174.631,164.2346,NA,82.9759,NA,NA,0,0,0,0,175.7271,152.0855,NA,394.2005,NA,NA,NA,NA
"V330740_L397_1",5,"DS1, DS2, DS3, PSP.L, PSP.R",NA,3644.0549,NA,400.8865,0,0,0,153.1013,0,110.6345,NA,132,0,0,0,0,NA,263.6968,NA,468.615,384.4802,NA,NA,164.9242
"V330745_L402_1",5,"DS1, DS2, DS3, PSP.L, PSP.R",NA,NA,NA,241.9331,0,0,0,0,0,60,NA,100.7174,0,0,0,0,NA,NA,NA,314.5155,NA,NA,NA,NA
"V330746_L403_1",5,"DS1, DS2, DS3, PSP.L, PSP.R",NA,NA,NA,466.9187,0,0,0,0,0,73.0548,NA,NA,0,0,0,0,NA,0,NA,NA,426.2769,NA,100.2397,NA
"V330748_L405_1",5,"DS1, DS2, DS3, PSP.L, PSP.R",2597.3158,NA,NA,333.512,0,0,0,0,0,0,NA,NA,0,0,0,0,NA,NA,NA,NA,NA,NA,88.2043,NA
"V330749_L406_1",5,"DS1, DS2, DS3, PSP.L, PSP.R",NA,NA,NA,443.1177,0,0,0,398.221,0,132.8157,NA,171.2104,0,0,0,0,NA,280.3034,NA,574.1376,NA,459.2254,133.2216,NA
"V330752_L409_1",5,"DS1, DS2, DS3, PSP.L, PSP.R",NA,3282.0014,428.2879,NA,0,0,0,0,120.1499,0,158.3161,NA,0,0,0,0,NA,NA,385.1493,NA,NA,NA,NA,NA
"V330753_L410_1",5,"DS1, DS2, DS3, PSP.L, PSP.R",NA,NA,408.0476,NA,0,0,0,0,0,106.066,NA,92.4175,0,0,0,0,NA,117.1537,NA,473.8576,NA,434.762,NA,87
"V330765_L423_1",5,"DS1, DS2, DS3, PSP.L, PSP.R",NA,4764.426,NA,692.6999,0,0,0,157.5436,0,100.02,NA,NA,0,0,0,0,NA,NA,659.4695,NA,528.8024,NA,NA,NA
"V330766_L424_1",5,"DS1, DS2, DS3, PSP.L, PSP.R",NA,2785.2056,NA,302.878,0,0,0,237.6826,0,0,83.1865,NA,0,0,0,0,NA,302.688,NA,396.84,NA,267.32,NA,65.521
"V330770_L428_1",5,"DS1, DS2, DS3, PSP.L, PSP.R",NA,NA,NA,450.547,0,72.8629,0,269.8629,0,119.4362,NA,110.6345,0,0,0,0,NA,180.05,549.8845,NA,NA,348.3231,134.4656,NA
"V330778_L437_1",5,"DS1, DS2, DS3, PSP.L, PSP.R",NA,NA,NA,NA,0,0,0,220.6173,0,110.6345,NA,NA,0,0,0,0,NA,123.6932,352.2783,NA,NA,NA,113.4372,NA
"V330780_L441_1",5,"DS1, DS2, DS3, PSP.L, PSP.R",NA,NA,NA,526.6081,0,0,288.2013,0,0,169.7056,NA,144.0312,0,0,0,0,NA,180.8978,NA,NA,NA,NA,NA,NA
"V330788_L449_1",5,"DS1, DS2, DS3, PSP.L, PSP.R",NA,4415.0379,NA,534.8382,0,0,0,0,0,0,NA,144.7791,0,0,0,0,NA,NA,478.5917,NA,NA,NA,NA,171.2367
"V330797_L458_1",5,"DS1, DS2, DS3, PSP.L, PSP.R",NA,NA,413.8178,NA,0,0,0,206.8478,0,116.7305,NA,141.7956,0,0,0,0,NA,324.6798,NA,354.0508,NA,344.8434,NA,116.8461
"V330816_L478_1",5,"DS1, DS2, DS3, PSP.L, PSP.R",NA,NA,NA,359.0796,0,0,0,0,0,142.5237,NA,107.5407,0,0,0,0,NA,159.4522,NA,300.6742,315.5709,NA,NA,130.6981
"V330818_L480_1",5,"DS1, DS2, DS3, PSP.L, PSP.R",NA,NA,NA,513.1497,0,0,0,267.1516,0,145.6468,NA,NA,0,0,0,0,NA,NA,553.1727,NA,NA,NA,93.723,NA
"V330829_L492_1",5,"DS1, DS2, DS3, PSP.L, PSP.R",NA,2736.9636,NA,NA,0,0,0,209.6139,0,117.3456,NA,NA,0,0,0,0,142.9405,NA,384.4216,NA,360.1999,NA,NA,NA
"V330836_L500_1",5,"DS1, DS2, DS3, PSP.L, PSP.R",NA,NA,NA,410.9691,0,0,0,239.6414,0,118.2709,NA,94.5304,0,0,0,0,155.0484,NA,NA,365.5845,336.8679,NA,NA,NA
"V330848_L515_1",5,"DS1, DS2, DS3, PSP.L, PSP.R",NA,NA,510.3814,NA,0,0,0,329.3175,0,126.5701,NA,NA,0,0,0,0,NA,660.9811,NA,434.6999,NA,372.1089,NA,NA
"V330860_L528_1",5,"DS1, DS2, DS3, PSP.L, TPG",NA,4414.2261,NA,534.7884,0,0,0,0,0,116.2755,NA,124,0,318.4965,0,NA,598.6259,598.2642,NA,529.4828,NA,427.3079,139.5887,NA
"V330885_L553_2",5,"DS1, DS2, DS3, PSP.L, PSP.R",NA,4093.2647,NA,567.3358,0,0,0,304.6309,0,177.6739,NA,NA,0,356.7408,0,412.6403,NA,694.0432,392.7251,NA,NA,NA,NA,NA
"V330889_L557_1",5,"DS1, DS2, DS3, PSP.L, PSP.R",NA,NA,NA,393.2481,0,0,0,0,0,102.528,NA,NA,0,0,0,0,89.1964,NA,NA,253.5843,NA,284.684,91.2414,NA
"V330909_L578_1",5,"DS1, DS2, DS3, PSP.L, PSP.R",NA,NA,200.9963,NA,0,0,0,0,0,71.1552,45.607,NA,0,0,0,0,NA,68.326,191.4158,NA,157.6325,NA,NA,NA
"V330917_L586_1",5,"DS1, DS2, DS3, PSP.L, PSP.R",NA,NA,504.5255,NA,0,0,0,0,0,104.9571,NA,63.6396,0,0,0,0,123.2234,NA,259.5381,NA,342.4617,NA,NA,138.2932
"V330924_L593_2",5,"DS1, DS2, DS3, PSP.L, PSP.R",NA,NA,509.1892,NA,0,0,0,0,0,0,NA,140.3567,0,0,0,0,208.2787,NA,556.8779,NA,373.3765,NA,NA,146.8605
"V330934_L603_1",5,"DS1, DS2, DS3, PSP.L, PSP.R",NA,NA,NA,NA,0,0,0,0,93.3716,80.4487,NA,84.214,0,227.2708,0,214.4575,NA,398.221,NA,216.2314,NA,297.1128,NA,86.093
"V330941_L610_1",5,"DS1, DS2, DS3, PSP.L, PSP.R",NA,4370.8214,NA,523.7417,0,0,240.1874,282.3048,144.7791,161.2452,NA,207.1521,0,0,0,0,NA,265.149,NA,578.3425,NA,437.9224,NA,191.2067
"V330946_L615_1",5,"DS1, DS2, DS3, PSP.L, PSP.R",NA,NA,NA,NA,198.0707,0,121.0785,0,0,99.7246,NA,NA,0,0,0,0,NA,NA,NA,NA,NA,NA,NA,NA
"V330954_L623_1",5,"DS1, DS2, DS3, PSP.L, PSP.R",NA,3093.252,NA,421.7636,0,0,0,0,122.4132,131.2098,NA,NA,0,0,0,0,NA,186.7619,NA,441.905,NA,389.1735,NA,164.9242
"V330957_L628_1",5,"DS1, DS2, DS3, PSP.L, PSP.R",NA,NA,NA,215.5117,0,0,0,0,0,65.7875,NA,46.1736,0,0,0,0,NA,NA,NA,NA,NA,NA,63.5295,NA
"V330961_L632_1",5,"DS1, DS2, DS3, PSP.L, PSP.R",NA,NA,NA,313.9557,0,0,185.7848,163.7681,0,89.1964,NA,NA,0,0,0,0,NA,310.7571,NA,315.913,NA,290.4892,NA,96.7471
"V330964_L635_1",5,"CAV, DS1, DS2, DS3, LPT",NA,3116.0124,400.0076,377.1958,0,0,0,0,100.5783,129.5569,173.9224,181.2457,NA,0,NA,0,NA,495.2545,NA,455.773,NA,371.8306,NA,128.2653
"V331022_L696_1",5,"DS1, DS2, DS3, PSP.L, PSP.R",NA,4033.7179,536.146,NA,0,0,0,0,0,130.5986,NA,223.7856,0,307.6101,0,296.4321,NA,640.5248,NA,484.2644,NA,409.8975,NA,121.918
"V331045_L719_1",5,"CAV, DS1, DS2, TPG, CLE",NA,NA,432.4083,401.6932,0,85.0412,230.8246,277.0415,135.9301,NA,NA,NA,259.0444,NA,NA,281.8226,688.0211,552.6373,631.4697,NA,383.308,401.278,NA,NA
"V331047_L721_1",5,"DS1, DS2, DS3, PSP.L, PSP.R",NA,3333.3827,NA,412.9545,0,0,0,0,76.8375,0,153.0294,NA,0,0,0,0,NA,520.3854,NA,414.3911,NA,334.5639,NA,84.9588
"V331064_L738_1",5,"DS1, DS2, DS3, PSP.L, PSP.R",NA,NA,341.8198,NA,0,0,0,0,87.0517,0,129.5222,NA,0,0,0,0,151.0761,NA,376.9032,NA,297.8473,NA,NA,123.1463
"V331107_L782_1",5,"DS1, DS2, DS3, PSP.L, PSP.R",NA,5299.1773,NA,646.0767,0,0,0,0,0,100,180.0444,NA,0,0,0,0,NA,144.9966,NA,540.0148,NA,NA,NA,NA
"V331164_L840_1",5,"DS1, DS2, DS3, PSP.L, PSP.R",NA,NA,NA,571.8659,0,0,128.2498,0,0,142.0422,NA,140,0,0,0,0,225.282,NA,NA,NA,NA,649.3443,NA,NA
"V331205_L883_1",5,"DS1, DS2, DS3, PSP.L, PSP.R",NA,NA,292.5115,NA,0,0,0,0,0,0,NA,NA,0,0,0,0,NA,127.0118,294.4622,NA,NA,246.9413,NA,NA
"V331250_L929_1",5,"DS1, DS2, DS3, PSP.L, PSP.R",4285.2398,NA,541.8263,NA,0,0,0,0,150.7846,0,NA,NA,0,0,0,0,NA,NA,NA,447.0906,NA,543.2071,169.7528,NA
"V331309_L990_1",5,"DS1, DS2, DS3, PSP.L, PSP.R",NA,4578.3927,NA,574.6389,0,0,205.7693,0,0,293.3939,NA,156.7195,0,0,0,0,NA,986.9316,NA,826.6075,NA,518.1062,NA,218.1559
"V331507_L1220_1",5,"DS1, DS2, DS3, PSP.L, PSP.R",3166.1955,NA,404.176,NA,0,0,0,226.8127,0,87.2067,NA,65.8635,0,0,0,0,123.3288,NA,460.6539,NA,366.7492,NA,145.3994,NA
"V331548_L1265_1",5,"DS1, DS2, DS3, PSP.L, PSP.R",NA,NA,NA,NA,0,0,0,254.3108,136.0588,0,NA,NA,0,0,0,0,NA,NA,NA,NA,NA,NA,NA,252.4639
"V331712_L1438_1",5,"DS1, DS2, DS3, PSP.L, PSP.R",NA,NA,463.1705,NA,0,0,0,0,124.0202,0,141.8908,NA,287.2647,0,273,0,NA,NA,NA,471.3767,NA,384.0052,NA,86.764
"V331752_L1479_1",5,"DS1, DS2, DS3, PSP.L, PSP.R",NA,NA,545.6186,NA,0,0,0,265.9361,0,123.6932,NA,144.1249,0,369.9257,0,347.301,NA,593.4619,NA,502.3545,NA,NA,NA,NA
"V332040_L1773_1",5,"DS1, DS2, DS3, PSP.L, PSP.R",NA,NA,395.285,NA,0,0,0,0,79.925,0,NA,NA,0,382.697,0,401.1596,NA,646.0248,NA,711.6832,NA,396.6926,NA,124.3101
"V332479_L2222_1",5,"DS1, TPG, ECT, CLE, PMX",NA,NA,NA,554.5656,342.415,321.9938,NA,323.2089,NA,204.9,NA,177.6288,NA,503.4918,NA,512.0156,611.1105,887.0986,538.1004,720.2777,704.5907,704.1023,232.0345,261.5645
"V332554_L2299_1",5,"DS1, DS2, DS3, PSP.L, PSP.R",NA,NA,328.4935,NA,260.2153,0,378.3385,0,141.3648,0,101.2719,NA,464.2155,0,378.7611,0,NA,NA,NA,400.5197,NA,454.4007,NA,130.5067
"V333030_L2885_1",5,"DS1, DS2, DS3, PSP.L, PSP.R",NA,NA,NA,423.2957,0,0,0,0,0,117.6138,NA,NA,0,0,0,0,NA,126.1428,551.4209,NA,NA,NA,NA,NA
"V333074_L2929_1",5,"DS1, DS3, LPT, PSP.L, PSP.R",NA,NA,402.8686,NA,0,0,NA,0,113.2254,69.3397,106.9205,160.798,0,0,0,0,NA,151.2217,NA,449.7555,NA,395.9899,NA,95.0368
"V333102_L2958_1",5,"CAV, DS1, DS3, PSP.L, PSP.R",NA,NA,650.0081,541.2435,0,0,0,NA,127.3499,134.4656,NA,NA,0,0,0,0,NA,185.1513,NA,NA,NA,NA,NA,NA
"V330392_L32_1",4,"DS1, DS2, PSP.L, PSP.R",NA,NA,NA,NA,0,198.386,0,135.5323,0,NA,NA,NA,0,0,0,0,NA,723.1494,NA,631.3984,NA,627.3731,NA,161.5549
"V330405_L45_1",4,"DS1, DS2, DS3, PSP.R",4144.4853,NA,501.3472,NA,0,0,231.3871,0,0,0,145.1206,NA,0,NA,0,264.1969,657.3462,NA,551.6013,NA,454.3831,NA,100.3195,NA
"V330526_L170_1",4,"DS1, DS3, PSP.L, PSP.R",NA,NA,420.028,NA,0,0,0,NA,0,127.059,NA,100.9752,0,0,0,0,NA,NA,NA,NA,NA,NA,NA,NA
"V330541_L186_1",4,"DS1, DS2, DS3, ECT",NA,NA,429.8542,NA,0,0,268.3431,0,121.0785,0,87.3613,NA,NA,0,NA,0,NA,575.013,421.4356,448.8786,NA,NA,NA,NA
"V330610_L261_1",4,"DS1, DS2, DS3, PSP.L",NA,NA,NA,483.6647,0,0,0,257.9477,0,157.035,NA,165.3269,0,357.0504,0,NA,NA,685.4524,NA,489.4507,NA,586.3139,NA,145.1206
"V330634_L288_1",4,"DS1, DS2, PSP.L, PSP.R",NA,NA,520.071,NA,0,0,0,0,NA,0,NA,NA,0,0,0,0,138.1304,NA,NA,561.2005,NA,464.6127,NA,NA
"V330702_L360_1",4,"CAV, DS1, PSP.L, PSP.R",3057.0059,NA,373.1234,426.0953,0,160.2248,0,NA,0,NA,NA,88.0909,0,0,0,0,NA,117.3882,NA,262.9373,NA,263.7347,NA,76.9675
"V330718_L373_1",4,"DS1, DS2, DS3, PSP.L",NA,NA,455.6876,NA,0,0,0,0,0,0,NA,NA,0,321.84,0,NA,NA,363.1859,NA,234,NA,288.2499,NA,138.9748
"V330792_L453_1",4,"DS2, DS3, PSP.L, PSP.R",NA,NA,595.9334,NA,NA,0,288.1111,0,134.937,116.2755,NA,NA,0,0,0,0,NA,NA,NA,NA,NA,NA,NA,NA
"V330911_L580_1",4,"DS1, DS2, PSP.L, PSP.R",NA,NA,487.6685,NA,0,0,223.6359,0,NA,0,113.565,NA,0,0,0,0,189.3806,NA,489.2484,NA,475.4787,NA,212.4924,NA
"V330921_L590_1",4,"DS1, DS2, DS3, PSP.L",NA,3748.3074,NA,426.4657,0,265.9323,0,336.3807,0,158.2403,NA,180.1777,0,343.1851,0,NA,NA,411.1447,NA,410.8138,NA,357.2338,NA,83.5225
"V330937_L606_1",4,"DS1, DS2, DS3, PSP.L",NA,NA,NA,3155.7063,0,0,0,0,0,0,NA,157.6642,345.323,0,NA,0,506.4227,NA,NA,377.4043,NA,333.054,NA,95.3415
"V330947_L616_1",4,"DS1, DS2, PSP.L, PSP.R",NA,NA,NA,502.9062,0,0,0,112.0089,0,NA,NA,NA,0,0,0,0,NA,186.0242,NA,518.167,NA,NA,131.727,NA
"V330986_L658_1",4,"DS1, DS2, DS3, PSP.L",NA,4189.3675,NA,530.626,0,131.2098,0,301.8874,0,115.1694,NA,161.2452,0,392.3264,0,NA,NA,618.9669,NA,547.7518,NA,418.1866,118.7266,NA
"V331037_L711_1",4,"DS1, DS2, DS3, PSP.L",NA,4705.9469,NA,573.4036,0,0,0,0,0,93.723,NA,140.9113,0,512.0156,0,NA,NA,780.6561,NA,668.431,NA,NA,NA,NA
"V331216_L894_1",4,"DS1, DS2, DS3, PSP.R",NA,NA,508.1928,NA,0,139.5887,0,325.5657,0,119.7748,NA,96.1873,NA,0,313.0367,0,763.3276,NA,375.7193,NA,NA,NA,NA,NA
"V331441_L1149_1",4,"DS1, PSP.L, PSP.R, CLE",NA,NA,NA,NA,0,0,NA,240.3934,NA,NA,NA,NA,0,0,0,0,183.3576,NA,432.2268,NA,330.7204,422.8298,NA,105.513
"V331682_L1404_1",4,"DS1, DS2, DS3, PSP.L",NA,NA,352.5503,NA,0,0,212.9037,0,91.3017,0,NA,NA,0,254.5034,0,NA,NA,466.0172,NA,407.5929,NA,340,NA,97.6524
"V331871_L1600_1",4,"DS1, DS2, DS3, TPG",NA,NA,NA,384.5844,0,0,0,0,0,98.0816,NA,132.8157,NA,279.4351,255.1549,NA,528.0758,539.7481,NA,488.2131,NA,NA,100.4988,NA
"V331906_L1635C_1",4,"PSP.L, PSP.R, ECT, CLE",3959.1049,NA,463.4018,NA,0,NA,299.8133,NA,141.5344,NA,NA,NA,308.9336,0,345.5083,0,601.6644,NA,536.8054,579.8345,464.7236,472.6309,NA,NA
"V332423_L2166_1",4,"CAV, DS3, PSP.L, PSP.R",NA,3570.61,444.1879,411.543,0,NA,0,NA,111.8034,82.5409,NA,126.5701,290.3033,274.3319,290.2482,279.1451,NA,720.0562,NA,502.8916,NA,468.2403,NA,129.1395
"V332926_L2781_1",4,"CAV, DS1, DS2, DS3",NA,NA,405.7624,445.3758,286.3564,299.234,378.3385,369,157.0987,140.6165,169.4344,NA,359.8944,NA,438.4199,NA,683.1252,NA,516.8288,NA,432.0046,NA,NA,157.8924
"V333028_L2883_1",4,"DS1, DS2, DS3, PSP.L",NA,NA,NA,731.6113,0,435.4124,0,504.9673,0,213.9533,NA,NA,0,416.173,0,NA,1141.9089,NA,NA,NA,NA,NA,NA,NA
"V333053_L2908_1",4,"DS1, DS2, PSP.L, PSP.R",NA,4028.4786,455.2792,NA,0,0,0,0,119.4738,NA,139.5887,NA,0,0,0,0,172.363,NA,444.2938,NA,627.4878,NA,NA,NA
"V330385_L25_1",3,"DS2, PSP.L, PSP.R",NA,NA,NA,456.8007,NA,0,196.8248,0,NA,0,NA,NA,0,0,0,0,NA,187.8404,NA,421.0855,NA,392.4296,NA,NA
"V330411_L51_1",3,"DS2, DS3, PSP.L",NA,NA,NA,NA,NA,0,400.4997,0,172.0465,0,NA,NA,513.8249,0,NA,0,NA,NA,NA,NA,NA,NA,NA,NA
"V330461_L101_1",3,"DS1, PSP.L, PSP.R",NA,NA,NA,NA,0,0,0,NA,107.8703,NA,NA,NA,0,0,0,0,NA,NA,NA,NA,NA,NA,NA,NA
"V330470_L110_1",3,"DS1, PSP.L, PSP.R",NA,NA,NA,NA,0,0,0,NA,0,NA,NA,NA,0,229.0589,0,289.0329,NA,NA,NA,502.9075,NA,359.5608,NA,NA
"V330910_L579_1",3,"PSP.L, PSP.R, CLE",NA,NA,NA,384.1864,NA,0,NA,0,NA,81.0555,NA,99.7246,0,0,0,0,NA,122.3765,NA,339.4775,274.8818,361.7084,121.4578,NA
"V331101_L776_1",3,"DS3, PSP.L, PSP.R",NA,NA,462.9124,NA,NA,NA,NA,NA,132.4424,0,NA,NA,0,0,0,0,NA,NA,NA,469.5551,NA,401.2605,NA,151.344
"V331141_L817_1",3,"DS2, PSP.L, PSP.R",NA,NA,NA,576.797,0,NA,0,192.0234,0,NA,NA,NA,0,0,360.6619,0,687.1768,NA,505.2841,NA,524.3138,NA,NA,NA
"V331220_L898_1",3,"DS1, DS2, DS3",NA,NA,NA,828.7976,0,0,0,439.0262,0,253.7794,NA,265.0887,0,NA,0,NA,NA,NA,NA,NA,857.578,NA,NA,NA
"V331296_L977_1",3,"PSP.L, TPG, ECT",NA,NA,NA,NA,NA,NA,199.4492,NA,118.6802,NA,NA,NA,319.412,352.9306,315.0143,NA,675.0267,571.183,500.9192,442.7415,499.957,NA,NA,NA
"V331465_L1173_1",3,"DS1, PSP.L, PSP.R",NA,NA,NA,NA,0,0,NA,295.7854,0,NA,NA,NA,0,0,0,0,204.7926,NA,NA,499.7409,NA,403.1178,NA,135.7645
"V331553_L1270_1",3,"DS3, PSP.L, PSP.R",NA,564.0226,516.3795,NA,0,NA,135.8308,NA,96.6075,93.7443,129.244,NA,0,0,0,0,NA,NA,NA,NA,NA,NA,NA,NA
"V331644_L1364_1",3,"DS1, DS2, DS3",NA,NA,399.6864,NA,0,0,0,0,0,79.2023,NA,126.0357,0,NA,0,NA,NA,595.0899,NA,NA,NA,NA,NA,NA
"V331693_L1416_1",3,"DS1, DS2, DS3",NA,NA,591.5966,NA,0,0,349.285,0,0,153.1013,NA,NA,NA,0,NA,0,823.5144,NA,NA,660.521,NA,NA,NA,309.8903
"V331854_L1581_1",3,"CAV, DS3, PSP.L",NA,NA,532.1104,603.2811,0,NA,0,NA,132.2422,127.122,113.7717,NA,0,323.2337,0,NA,NA,713.448,NA,447.3209,NA,549.749,NA,NA
"V330476_L116_1",2,"DS3, PMX",NA,NA,NA,388.5271,0,NA,0,NA,0,115.4777,NA,NA,0,NA,0,NA,NA,NA,NA,NA,NA,NA,89.958,145.2446
"V330590_L241_1",2,"PSP.L, PSP.R",NA,NA,NA,520.7012,NA,0,NA,0,NA,0,NA,NA,0,0,0,0,NA,NA,NA,NA,NA,NA,NA,NA
"V330594_L245_1",2,"PSP.L, PSP.R",NA,NA,NA,NA,NA,0,NA,0,NA,0,NA,NA,0,0,0,0,NA,NA,NA,NA,NA,NA,78.9177,NA
"V330607_L258_1",2,"PSP.L, PSP.R",3255.0515,NA,430.8867,NA,NA,0,NA,0,NA,0,NA,NA,239.0684,0,302.9045,0,NA,NA,NA,NA,NA,NA,139.6697,NA
"V330777_L436_1",2,"PSP.L, PSP.R",NA,NA,NA,464.0168,0,NA,0,NA,0,NA,NA,NA,0,0,0,0,188.4038,NA,NA,NA,NA,NA,NA,NA
"V330853_L520_1",2,"PSP.L, PSP.R",NA,NA,635.6961,NA,NA,0,NA,0,NA,0,NA,NA,0,0,0,0,NA,NA,NA,NA,NA,NA,NA,193.982
"V330863_L531_1",2,"PSP.L, PSP.R",NA,NA,NA,644.7387,NA,0,NA,0,NA,0,NA,NA,0,0,0,0,NA,768.7613,NA,548.549,NA,474.6641,NA,NA
"V330942_L611_1",2,"PSP.L, PSP.R",NA,NA,NA,NA,NA,0,NA,0,NA,0,NA,NA,0,0,0,0,NA,180.4993,NA,451.9558,NA,394.6454,NA,117.9576
"V331433_L1141_1",2,"CAV, PSP.R",NA,NA,352.9618,333.7831,NA,0,NA,0,NA,110.1454,NA,114.0395,0,NA,0,267.4715,NA,521.0077,NA,432.8429,NA,315.9272,NA,NA
"V331726_L1452_1",2,"PSP.L, ECT",NA,NA,505.1392,NA,NA,0,NA,0,NA,0,NA,NA,298.2247,0,NA,0,564.0319,NA,475.4219,682.6302,534.0506,NA,NA,NA
"V331977_L1707_1",2,"CAV, DS3",NA,NA,299.1661,324.3982,0,NA,0,NA,145.6468,126.0357,87.8237,NA,NA,0,NA,0,317.9717,NA,315.1285,NA,264.6979,NA,114.826,NA
"V332082_L1815_1",2,"PSP.L, PSP.R",NA,NA,NA,NA,0,NA,0,NA,0,NA,NA,NA,0,0,0,0,NA,620.3225,411.9624,NA,NA,NA,241.3462,NA
"V332087_L1820_1",2,"DS2, DS3",NA,NA,NA,431.1514,0,NA,0,289.6135,0,156.3714,NA,NA,NA,0,NA,0,NA,NA,500.132,NA,634.8102,NA,182.1318,NA
"V332903_L2758_1",2,"DS2, DS3",NA,NA,508.2457,NA,NA,NA,459.0773,483.7355,191.7081,114.826,NA,NA,NA,NA,NA,NA,NA,NA,NA,NA,NA,NA,NA,NA
"V330959_L630_1",1,"PSP.L",NA,5582.0577,NA,667.0367,0,NA,0,NA,149.3452,NA,NA,NA,0,417.8516,0,NA,NA,836.6505,NA,912.9666,NA,643.68,NA,217.4121
"V331989_L1719_1",1,"DS1",NA,NA,359.2758,NA,0,0,0,NA,100.6231,NA,149.1878,NA,208.9043,NA,NA,NA,NA,349.1246,NA,NA,NA,NA,NA,NA
"V332516_L2259_1",1,"PSP.L",NA,NA,559.7672,NA,0,NA,411.3004,NA,211.2061,NA,204.7828,NA,444.018,465,NA,NA,804.6366,NA,NA,NA,NA,NA,NA,NA
"V332633_L2485_1",1,"DS3",NA,NA,NA,411.5616,NA,NA,NA,324.8877,143.6941,153.3232,NA,192.0521,NA,NA,NA,NA,NA,NA,NA,NA,NA,NA,NA,NA
