ID,PGNA
V330363_L2_1_C.jpg,0
V330363_L2_1_C.jpg,0
V330363_L2_1_P.jpg,0
V330365_L4_1_C.jpg,0
V330365_L4_1_P.jpg,0
V330385_L25_1_C.jpg,0
V330388_L28_1_C.jpg,0
V330388_L28_1_P.jpg,0
V330390_L30_1_P.jpg,0
V330391_L31_1_P.jpg,0
V330392_L32_1_C.jpg,0
V330395_L35_1_P.jpg,0
V330397_L37_1_C.jpg,0
V330397_L37_1_C.jpg,0
V330397_L37_1_P.jpg,0
V330397_L37_1_P.jpg,0
V330397_L37_1_P.jpg,0
V330399_L39_1_C.jpg,0
V330399_L39_1_C.jpg,0
V330399_L39_1_C.jpg,0
V330399_L39_1_C.jpg,0
V330400_L40_1_C.jpg,0
V330400_L40_1_P.jpg,0
V330400_L40_1_P.jpg,0
V330404_L44_1_P.jpg,0
V330405_L45_1_C.jpg,0
V330405_L45_1_C.jpg,0
V330405_L45_1_C.jpg,0
V330405_L45_1_C.jpg,0
V330405_L45_1_C.jpg,0
V330407_L47_1_C.jpg,0
V330407_L47_1_P.jpg,0
V330411_L51_1_P.jpg,1
V330424_L64_1_C.jpg,0
V330424_L64_1_C.jpg,0
V330447_L87_1_P.jpg,1
V330450_L90_1_C.jpg,0
V330455_L95_1_C.jpg,0
V330455_L95_1_C.jpg,0
V330455_L95_1_P.jpg,0
V330458_L98_1_C.jpg,0
V330458_L98_1_P.jpg,0
V330458_L98_1_P.jpg,0
V330461_L101_1_C.jpg,0
V330461_L101_1_P.jpg,0
V330462_L102_1_C.jpg,0
V330462_L102_1_P.jpg,0
V330464_L104_1_C.jpg,0
V330466_L106_1_P.jpg,0
V330466_L106_1_P.jpg,0
V330466_L106_1_P.jpg,0
V330468_L108_1_C.jpg,0
V330468_L108_1_P.jpg,0
V330468_L108_1_P.jpg,0
V330470_L110_1_C.jpg,0
V330473_L113_1_C.jpg,0
V330473_L113_1_P.jpg,0
V330474_L114_1_C.jpg,0
V330476_L116_1_P.jpg,1
V330480_L120_1_P.jpg,0
V330481_L122_1_C.jpg,0
V330481_L122_1_P.jpg,0
V330483_L125_1_C.jpg,0
V330484_L126_1_C.jpg,0
V330484_L126_1_P.jpg,1
V330488_L130_1_P.jpg,0
V330490_L132_1_C.jpg,0
V330490_L132_1_P.jpg,0
V330490_L132_1_P.jpg,0
V330492_L134_1_C.jpg,0
V330492_L134_1_C.jpg,0
V330492_L134_1_P.jpg,0
V330493_L135_1_C.jpg,0
V330493_L135_1_P.jpg,0
V330494_L136_1_C.jpg,0
V330494_L136_1_P.jpg,0
V330495_L137_1_C.jpg,0
V330495_L137_1_P.jpg,0
V330496_L138_1_P.jpg,0
V330500_L142_1_P.jpg,0
V330502_L144_1_P.jpg,0
V330504_L146_1_C.jpg,0
V330504_L146_1_P.jpg,0
V330507_L149_1_C.jpg,0
V330507_L149_1_P.jpg,0
V330509_L151_1_P.jpg,0
V330513_L155_1_P.jpg,0
V330516_L158_1_C.jpg,0
V330522_L164_1_P.jpg,0
V330523_L166_1_C.jpg,0
V330525_L169_1_C.jpg,0
V330526_L170_1_C.jpg,0
V330526_L170_1_P.jpg,0
V330527_L171_1_P.jpg,0
V330533_L177_1_C.jpg,0
V330533_L177_1_P.jpg,0
V330533_L177_1_P.jpg,0
V330534_L178_1_P.jpg,0
V330534_L178_1_P.jpg,0
V330535_L179_2_P.jpg,0
V330536_L180_1_C.jpg,0
V330538_L182_1_C.jpg,0
V330538_L182_1_P.jpg,0
V330539_L184_1_C.jpg,0
V330542_L187_1_P.jpg,0
V330547_L192_1_P.jpg,0
V330548_L193_1_P.jpg,0
V330549_L194_1_C.jpg,0
V330549_L194_1_P.jpg,0
V330555_L201_1_C.jpg,0
V330555_L201_1_P.jpg,0
V330557_L203_1_C.jpg,0
V330557_L203_1_P.jpg,0
V330558_L204_1_C.jpg,0
V330559_L205_1_P.jpg,0
V330561_L209_1_C.jpg,0
V330561_L209_1_P.jpg,0
V330562_L210_1_P.jpg,0
V330565_L214_1_P.jpg,0
V330565_L214_1_P.jpg,0
V330565_L214_1_P.jpg,0
V330566_L215_1_P.jpg,0
V330567_L216_1_C.jpg,0
V330568_L217_1_C.jpg,0
V330569_L218_1_P.jpg,0
V330570_L219_1_C.jpg,0
V330570_L219_1_P.jpg,0
V330571_L220_1_C.jpg,0
V330571_L220_1_P.jpg,0
V330572_L221_1_C.jpg,0
V330573_L222_1_P.jpg,0
V330573_L222_1_P.jpg,0
V330574_L223_1_P.jpg,0
V330575_L224_1_P.jpg,0
V330575_L224_1_P.jpg,0
V330576_L225_1_C.jpg,0
V330576_L225_1_P.jpg,0
V330578_L227_1_C.jpg,0
V330578_L227_1_P.jpg,0
V330579_L228_1_C.jpg,0
V330583_L232_1_C.jpg,0
V330583_L232_1_P.jpg,0
V330583_L232_1_P.jpg,0
V330585_L236_1_C.jpg,0
V330585_L236_1_P.jpg,0
V330586_L237_1_P.jpg,0
V330587_L238_1_P.jpg,0
V330588_L239_1_C.jpg,0
V330588_L239_1_P.jpg,0
V330589_L240_1_P.jpg,0
V330589_L240_1_P.jpg,0
V330590_L241_1_C.jpg,0
V330590_L241_1_P.jpg,0
V330591_L242_1_C.jpg,0
V330591_L242_1_C.jpg,0
V330591_L242_1_P.jpg,0
V330592_L243_1_C.jpg,0
V330592_L243_1_C.jpg,0
V330592_L243_1_P.jpg,0
V330593_L244_1_C.jpg,0
V330594_L245_1_C.jpg,0
V330594_L245_1_P.jpg,0
V330595_L246_1_C.jpg,0
V330595_L246_1_P.jpg,0
V330598_L249_1_P.jpg,0
V330599_L250_1_P.jpg,0
V330600_L251_2_C.jpg,0
V330600_L251_2_P.jpg,0
V330600_L251_2_P.jpg,0
V330601_L252_1_P.jpg,0
V330601_L252_1_P.jpg,0
V330603_L254_1_C.jpg,0
V330603_L254_1_P.jpg,0
V330605_L256_1_C.jpg,0
V330605_L256_1_P.jpg,0
V330606_L257_1_P.jpg,0
V330606_L257_1_P.jpg,0
V330607_L258_1_P.jpg,0
V330608_L259_1_P.jpg,0
V330609_L260_1_P.jpg,0
V330611_L262_1_P.jpg,0
V330611_L262_1_P.jpg,0
V330612_L263_1_C.jpg,0
V330612_L263_1_C.jpg,0
V330613_L264_1_C.jpg,0
V330614_L265_1_C.jpg,0
V330614_L265_1_P.jpg,0
V330615_L266_1_C.jpg,0
V330615_L266_1_P.jpg,0
V330616_L267_2_P.jpg,0
V330618_L269_1_C.jpg,0
V330619_L270_1_P.jpg,0
V330620_L271_1_C.jpg,0
V330620_L271_1_P.jpg,0
V330620_L271_1_P.jpg,0
V330621_L272_1_P.jpg,0
V330623_L274_1_P.jpg,0
V330624_L276_1_P.jpg,0
V330625_L277_1_P.jpg,0
V330627_L280_1_P.jpg,0
V330628_L281_2_P.jpg,0
V330628_L281_2_P.jpg,0
V330629_L282_1_C.jpg,0
V330629_L282_2_P.jpg,0
V330631_L285_1_C.jpg,0
V330631_L285_1_C.jpg,0
V330631_L285_1_P.jpg,0
V330633_L287_1_P.jpg,0
V330634_L288_1_P.jpg,0
V330636_L290_1_C.jpg,0
V330637_L291_1_C.jpg,0
V330637_L291_1_C.jpg,0
V330639_L293_1_P.jpg,0
V330640_L294_1_P.jpg,0
V330641_L295_1_C.jpg,0
V330643_L297_2_P.jpg,0
V330644_L298_1_C.jpg,0
V330644_L298_1_P.jpg,0
V330646_L300_2_P.jpg,0
V330647_L301_1_P.jpg,0
V330648_L302_1_P.jpg,0
V330649_L303_1_P.jpg,0
V330651_L305_1_C.jpg,0
V330655_L309_1_P.jpg,0
V330656_L310_1_P.jpg,0
V330657_L311_1_P.jpg,0
V330657_L311_1_P.jpg,0
V330661_L315_1_C.jpg,0
V330662_L316_1_P.jpg,0
V330663_L317_1_P.jpg,0
V330664_L318_1_P.jpg,0
V330665_L320_1_P.jpg,0
V330666_L321_1_C.jpg,0
V330666_L321_1_P.jpg,0
V330669_L324_1_P.jpg,0
V330671_L326_1_C.jpg,0
V330671_L326_1_P.jpg,0
V330672_L327_1_P.jpg,0
V330673_L328_1_P.jpg,0
V330674_L329_1_P.jpg,0
V330676_L331_1_C.jpg,0
V330676_L331_2_P.jpg,0
V330677_L332_1_P.jpg,0
V330678_L333_1_P.jpg,0
V330682_L339_1_P.jpg,0
V330683_L340_1_C.jpg,0
V330683_L340_1_P.jpg,0
V330684_L341_1_P.jpg,0
V330684_L341_1_P.jpg,0
V330685_L342_1_P.jpg,0
V330688_L345_1_P.jpg,0
V330689_L346_1_C.jpg,0
V330692_L349_1_P.jpg,0
V330693_L350_1_P.jpg,0
V330694_L351_1_P.jpg,0
V330696_L353_1_P.jpg,0
V330697_L325_1_C.jpg,0
V330697_L355_1_P.jpg,0
V330700_L358_1_C.jpg,0
V330700_L358_1_C.jpg,0
V330700_L358_1_P.jpg,0
V330702_L360_1_C.jpg,0
V330703_L361_1_C.jpg,0
V330703_L361_1_P.jpg,0
V330703_L361_1_P.jpg,0
V330705_L363_2_P.jpg,0
V330707_L366_1_P.jpg,0
V330709_L368_1_P.jpg,0
V330712_L371A_1_C.jpg,0
V330712_L371A_1_P.jpg,0
V330713_L371B_2_C.jpg,0
V330715_L371D_1_P.jpg,0
V330717_L372_1_P.jpg,0
V330718_L373_1_C.jpg,0
V330721_L376_1_P.jpg,0
V330722_L377_1_C.jpg,0
V330722_L377_1_P.jpg,0
V330723_L378_2_P.jpg,0
V330724_L381_1_C.jpg,0
V330724_L381_1_P.jpg,0
V330726_L383_1_C.jpg,0
V330727_L384_1_P.jpg,0
V330729_L386_1_P.jpg,0
V330729_L386_1_P.jpg,0
V330730_L387_1_P.jpg,0
V330731_L388_1_C.jpg,0
V330731_L388_1_P.jpg,0
V330732_L389_1_P.jpg,0
V330733_L390_1_C.jpg,0
V330734_L391_1_C.jpg,0
V330735_L392_1_C.jpg,0
V330735_L392_1_P.jpg,0
V330736_L393_1_P.jpg,0
V330738_L395_1_P.jpg,0
V330739_L396_1_P.jpg,0
V330740_L397_1_C.jpg,0
V330743_L400_1_C.jpg,0
V330745_L402_1_C.jpg,0
V330745_L402_1_C.jpg,0
V330745_L402_1_P.jpg,0
V330746_L403_1_C.jpg,0
V330748_L405_1_C.jpg,0
V330748_L405_1_P.jpg,0
V330749_L406_1_C.jpg,0
V330752_L409_1_C.jpg,0
V330752_L409_1_P.jpg,0
V330752_L409_1_P.jpg,0
V330753_L410_1_C.jpg,0
V330754_L411_1_P.jpg,0
V330756_L413_2_C.jpg,0
V330756_L413_2_C.jpg,0
V330758_L415_1_C.jpg,0
V330758_L415_1_C.jpg,0
V330759_L416_1_C.jpg,0
V330759_L416_1_P.jpg,0
V330761_L418_1_C.jpg,0
V330763_L421_2_P.jpg,0
V330764_L422_1_C.jpg,0
V330764_L422_1_P.jpg,0
V330765_L423_1_C.jpg,0
V330765_L423_1_P.jpg,0
V330766_L424_1_C.jpg,0
V330766_L424_1_P.jpg,0
V330767_L425_1_P.jpg,0
V330770_L428_1_C.jpg,0
V330771_L429_1_P.jpg,0
V330772_L430_1_C.jpg,0
V330773_L431_1_P.jpg,0
V330774_L432_1_C.jpg,0
V330775_L433_1_P.jpg,0
V330776_L435_1_C.jpg,0
V330776_L435_2_P.jpg,0
V330777_L436_1_P.jpg,0
V330778_L437_1_C.jpg,0
V330780_L441_1_C.jpg,0
V330781_L442_1_P.jpg,0
V330788_L449_1_C.jpg,0
V330788_L449_1_C.jpg,0
V330788_L449_1_P.jpg,0
V330791_L452_1_P.jpg,0
V330792_L453_1_C.jpg,0
V330792_L453_1_P.jpg,0
V330793_L454_1_P.jpg,0
V330794_L455_1_P.jpg,0
V330795_L456_1_P.jpg,0
V330797_L458_1_C.jpg,0
V330806_L467_2_P.jpg,0
V330808_L470_1_C.jpg,0
V330814_L476_1_P.jpg,0
V330816_L478_1_C.jpg,0
V330816_L478_1_P.jpg,0
V330817_L479_1_P.jpg,0
V330818_L480_1_C.jpg,0
V330818_L480_1_P.jpg,0
V330820_L482_1_P.jpg,0
V330822_L484_1_P.jpg,0
V330826_L489_1_P.jpg,0
V330829_L492_1_P.jpg,0
V330836_L500_1_P.jpg,0
V330848_L515_1_C.jpg,0
V330851_L518_1_C.jpg,0
V330853_L520_1_C.jpg,0
V330853_L520_1_P.jpg,0
V330855_L523_1_P.jpg,0
V330856_L524_1_C.jpg,0
V330856_L524_1_C.jpg,0
V330857_L525_1_P.jpg,0
V330863_L531_1_C.jpg,0
V330866_L534_1_C.jpg,0
V330866_L534_1_P.jpg,0
V330868_L536_1_P.jpg,0
V330870_L538_1_C.jpg,0
V330870_L538_1_P.jpg,0
V330872_L540_1_C.jpg,0
V330872_L540_1_P.jpg,0
V330875_L543_1_C.jpg,0
V330875_L543_1_C.jpg,0
V330878_L546_1_C.jpg,0
V330885_L553_2_C.jpg,0
V330888_L556_1_C.jpg,0
V330888_L556_1_C.jpg,0
V330888_L556_1_P.jpg,0
V330889_L557_1_P.jpg,0
V330896_L564_1_C.jpg,0
V330906_L575_1_P.jpg,0
V330909_L578_1_C.jpg,0
V330910_L579_1_C.jpg,0
V330911_L580_1_P.jpg,0
V330914_L583_1_P.jpg,0
V330916_L585_1_P.jpg,0
V330916_L585_1_P.jpg,0
V330917_L586_1_P.jpg,0
V330919_L588_1_P.jpg,0
V330924_L593_2_P.jpg,0
V330931_L600_2_P.jpg,0
V330934_L603_1_C.jpg,0
V330937_L606_1_P.jpg,0
V330938_L607_1_P.jpg,0
V330939_L608_1_C.jpg,0
V330941_L610_1_C.jpg,0
V330942_L611_1_C.jpg,0
V330944_L613_1_C.jpg,0
V330944_L613_1_P.jpg,0
V330945_L614_1_C.jpg,0
V330945_L614_1_P.jpg,0
V330946_L615_1_C.jpg,0
V330946_L615_1_P.jpg,0
V330947_L616_1_C.jpg,0
V330948_L617_1_C.jpg,0
V330951_L620_1_C.jpg,0
V330952_L621_1_P.jpg,0
V330954_L623_1_C.jpg,0
V330957_L628_1_C.jpg,0
V330957_L628_1_P.jpg,0
V330961_L632_1_C.jpg,0
V330964_L635_1_C.jpg,0
V330964_L635_1_P.jpg,0
V330969_L640_1_P.jpg,0
V330972_L644_1_C.jpg,0
V330975_L647_1_P.jpg,0
V330975_L647_1_P.jpg,0
V330982_L654_1_P.jpg,0
V330983_L655_1_P.jpg,0
V330984_L656B_1_P.jpg,0
V330984_L656B_1_P.jpg,0
V330986_L658_1_C.jpg,0
V330988_L660_1_P.jpg,0
V330988_L660_1_P.jpg,0
V330992_L664_1_P.jpg,0
V330993_L665_1_P.jpg,0
V330994_L666_1_P.jpg,0
V331001_L674_1_P.jpg,0
V331007_L681_1_P.jpg,0
V331009_L683_1_P.jpg,0
V331013_L687_2_P.jpg,0
V331016_L690_1_P.jpg,0
V331022_L696_1_C.jpg,0
V331023_L697_1_C.jpg,0
V331024_L698_1_P.jpg,0
V331026_L700_1_C.jpg,0
V331026_L700_1_P.jpg,0
V331032_L706_1_P.jpg,0
V331037_L711_1_C.jpg,0
V331043_L717_1_P.jpg,0
V331047_L721_1_C.jpg,0
V331047_L721_1_P.jpg,0
V331048_L722_1_P.jpg,0
V331051_L725_1_P.jpg,0
V331064_L738_1_C.jpg,0
V331064_L738_1_P.jpg,0
V331065_L739_1_C.jpg,0
V331068_L742_1_P.jpg,0
V331070_L744_1_P.jpg,0
V331073_L747_1_P.jpg,0
V331074_L748_1_P.jpg,0
V331076_L751_1_P.jpg,0
V331078_L753_1_C.jpg,0
V331078_L753_1_P.jpg,0
V331079_L754_1_P.jpg,0
V331087_L762_1_P.jpg,0
V331089_L764_1_P.jpg,0
V331090_L765_1_P.jpg,0
V331091_L766_1_P.jpg,0
V331095_L770_1_P.jpg,0
V331101_L776_1_C.jpg,0
V331101_L776_1_P.jpg,0
V331102_L777_2_P.jpg,0
V331102_L777_2_P.jpg,0
V331104_L779_1_P.jpg,0
V331105_L780_1_P.jpg,0
V331107_L782_1_C.jpg,0
V331107_L782_1_P.jpg,0
V331110_L785_1_P.jpg,0
V331111_L786_1_P.jpg,0
V331113_L788_1_C.jpg,0
V331114_L789_1_C.jpg,0
V331117_L793_1_P.jpg,0
V331119_L795_1_P.jpg,0
V331119_L795_1_P.jpg,0
V331120_L796_1_P.jpg,0
V331131_L807_1_P.jpg,0
V331134_L810_1_P.jpg,0
V331140_L816_1_P.jpg,0
V331141_L817_1_C.jpg,0
V331141_L817_1_P.jpg,0
V331143_L819_1_P.jpg,0
V331145_L821_1_P.jpg,0
V331145_L821_1_P.jpg,0
V331147_L823_1_P.jpg,0
V331149_L825_1_C.jpg,0
V331149_L825_1_P.jpg,0
V331151_L827_1_P.jpg,0
V331152_L828_1_C.jpg,0
V331153_L829_1_P.jpg,0
V331153_L829_1_P.jpg,0
V331154_L830_1_P.jpg,0
V331155_L831_1_P.jpg,0
V331159_L835_1_C.jpg,0
V331163_L839_1_P.jpg,0
V331164_L840_1_P.jpg,0
V331164_L840_1_P.jpg,0
V331165_L841_1_P.jpg,0
V331172_L848_1_P.jpg,0
V331178_L854_1_P.jpg,0
V331182_L859_1_P.jpg,0
V331186_L863_1_P.jpg,0
V331190_L867_1_P.jpg,0
V331190_L867_1_P.jpg,0
V331191_L868_1_P.jpg,0
V331195_L872_1_P.jpg,0
V331197_L874_1_P.jpg,0
V331200_L877_1_P.jpg,0
V331203_L880_2_P.jpg,0
V331205_L883_1_C.jpg,0
V331207_L885_1_P.jpg,0
V331209_L887_1_C.jpg,0
V331210_L888_1_P.jpg,0
V331212_L890_1_P.jpg,0
V331213_L891_1_P.jpg,0
V331216_L894_1_P.jpg,0
V331220_L898_1_C.jpg,0
V331220_L898_1_P.jpg,0
V331223_L901_1_C.jpg,0
V331229_L907_1_P.jpg,0
V331234_L912_1_P.jpg,0
V331236_L914_1_C.jpg,0
V331236_L914_1_C.jpg,0
V331238_L916_1_P.jpg,0
V331239_L917_1_P.jpg,0
V331244_L922_1_P.jpg,0
V331246_L924_1_P.jpg,0
V331248_L927_1_P.jpg,0
V331250_L929_1_C.jpg,0
V331250_L929_1_C.jpg,0
V331250_L929_1_P.jpg,0
V331252_L932_1_P.jpg,0
V331253_L933_1_P.jpg,0
V331261_L942_2_P.jpg,0
V331262_L943_1_P.jpg,0
V331265_L946_1_C.jpg,0
V331266_L947_1_C.jpg,0
V331268_L949_1_P.jpg,0
V331269_L950_1_C.jpg,0
V331271_L952_1_P.jpg,0
V331273_L954_1_P.jpg,0
V331280_L961_2_P.jpg,0
V331280_L961_2_P.jpg,0
V331286_L967_1_P.jpg,0
V331287_L968_2_P.jpg,0
V331288_L969_1_C.jpg,0
V331290_L971_1_P.jpg,0
V331292_L973_1_P.jpg,0
V331303_L984_1_P.jpg,0
V331306_L987_1_P.jpg,0
V331308_L989_1_P.jpg,0
V331308_L989_1_P.jpg,0
V331309_L990_1_C.jpg,0
V331309_L990_1_P.jpg,0
V331310_L991_1_P.jpg,0
V331313_L994_1_P.jpg,0
V331317_L998_2_P.jpg,0
V331317_L998_2_P.jpg,0
V331318_L999_1_P.jpg,0
V331318_L999_1_P.jpg,0
V331320_L1001_1_P.jpg,0
V331321_L1002_1_P.jpg,0
V331323_L1004_1_P.jpg,0
V331323_L1004_1_P.jpg,0
V331326_L1007_1_P.jpg,0
V331327_L1008_1_P.jpg,0
V331327_L1008_1_P.jpg,0
V331332_L1013_1_P.jpg,0
V331336_L1017_1_P.jpg,0
V331343_L1029_1_P.jpg,0
V331344_L1030_1_P.jpg,0
V331345_L1031_1_P.jpg,0
V331348_L1034_1_P.jpg,0
V331351_L1040_1_P.jpg,0
V331354_L1044_2_P.jpg,0
V331355_L1045_5_P.jpg,0
V331357_L1047_1_P.jpg,0
V331361_L1052_1_P.jpg,0
V331363_L1054_1_P.jpg,0
V331369_L1061_1_P.jpg,0
V331370_L1062_1_P.jpg,0
V331372_L1066_1_P.jpg,0
V331373_L1067_1_P.jpg,0
V331383_L1081_1_P.jpg,0
V331383_L1081_1_P.jpg,0
V331383_L1081_1_P.jpg,0
V331385_L1084_1_P.jpg,0
V331385_L1084_1_P.jpg,0
V331385_L1084_1_P.jpg,0
V331390_L1089_1_P.jpg,0
V331393_L1092_1_P.jpg,0
V331406_L1110_1_P.jpg,0
V331408_L1112_1_C.jpg,0
V331419_L1125_1_P.jpg,0
V331421_L1127_1_P.jpg,0
V331421_L1127_1_P.jpg,0
V331427_L1113_1_P.jpg,0
V331427_L1133_1_P.jpg,0
V331431_L1139_1_P.jpg,0
V331432_L1140_1_P.jpg,0
V331433_L1141_1_C.jpg,0
V331436_L1144_1_P.jpg,0
V331438_L1146_1_P.jpg,0
V331440_L1148_1_P.jpg,0
V331441_L1149_1_P.jpg,0
V331442_L1150_1_P.jpg,0
V331443_L1151_1_P.jpg,0
V331445_L1153E_1_P.jpg,0
V331445_L1153E_1_P.jpg,0
V331445_L1153E_1_P.jpg,0
V331455_L1163_1_P.jpg,0
V331457_L1165_1_P.jpg,0
V331459_L1167_1_C.jpg,0
V331459_L1167_1_P.jpg,0
V331461_L1169_1_P.jpg,0
V331462_L1170_1_P.jpg,0
V331465_L1173_1_P.jpg,0
V331466_L1174_1_P.jpg,0
V331470_L1180_1_P.jpg,0
V331474_L1185_1_P2.jpg,0
V331476_L1187_1_P2.jpg,0
V331482_L1194_1_P2.jpg,0
V331483_L1195_1_P2.jpg,0
V331484_L1196_1_P2.jpg,0
V331486_L1198_1_P.jpg,0
V331487_L1199_1_P.jpg,0
V331488_L1200_1_P.jpg,0
V331489_L1201_1_C.jpg,0
V331489_L1201_1_P.jpg,0
V331492_L1204_1_P.jpg,0
V331492_L1204_1_P.jpg,0
V331497_L1210_1_P.jpg,0
V331500_L1213_1_P.jpg,0
V331502_L1215_1_P.jpg,0
V331503_L1216D_1_P.jpg,0
V331504_L1217_1_P.jpg,0
V331505_L1218_1_P.jpg,0
V331507_L1220_1_P.jpg,0
V331508_L1221_1_P.jpg,0
V331508_L1221_1_P.jpg,0
V331510_L1223_1_P.jpg,0
V331513_L1226_1_P.jpg,0
V331514_L1227_1_C.jpg,0
V331514_L1227_1_P.jpg,0
V331517_L1230_1_P.jpg,0
V331520_L1234_1_P.jpg,0
V331523_L1238_1_P.jpg,0
V331528_L1244_1_P.jpg,0
V331530_L1246_1_P.jpg,0
V331532_L1248_1_P.jpg,0
V331535_L1251_1_P.jpg,0
V331537_L1253_1_P.jpg,0
V331538_L1254_1_P.jpg,0
V331539_L1255_1_P.jpg,0
V331540_L1256_1_P.jpg,0
V331542_L1258_1_P.jpg,0
V331542_L1258_1_P.jpg,0
V331546_L1262_1_P.jpg,0
V331548_L1265_1_C.jpg,0
V331548_L1265_1_P.jpg,0
V331549_L1266_1_C.jpg,0
V331550_L1267_1_P.jpg,0
V331550_L1267_1_P.jpg,0
V331553_L1270_1_C.jpg,0
V331553_L1270_1_P.jpg,0
V331555_L1272_1_P.jpg,0
V331556_L1273_1_P.jpg,0
V331560_L1277_1_P.jpg,0
V331561_L1278_1_P.jpg,0
V331562_L1279_1_P.jpg,0
V331562_L1279_1_P.jpg,0
V331562_L1279_1_P.jpg,0
V331570_L1287_1_P.jpg,0
V331584_L1303_1_C.jpg,0
V331587_L1306_1_C.jpg,0
V331593_L1312_1_P.jpg,0
V331605_L1324_1_P.jpg,0
V331606_L1325_1_P.jpg,0
V331606_L1325_1_P.jpg,0
V331612_L1331_1_P.jpg,0
V331619_L1338_1_P.jpg,0
V331621_L1340_1_P.jpg,0
V331628_L1347_1_P.jpg,0
V331632_L1351_1_P.jpg,0
V331636_L1355_1_P.jpg,0
V331637_L1357_1_P.jpg,0
V331639_L1359_1_P.jpg,0
V331639_L1359_1_P.jpg,0
V331639_L1359_1_P.jpg,0
V331640_L1360A_1_P.jpg,0
V331640_L1360C_1_P.jpg,0
V331644_L1364_1_C.jpg,0
V331645_L1365_1_P.jpg,0
V331646_L1366_1_P.jpg,0
V331650_L1371_1_P.jpg,0
V331652_L1373_1_P.jpg,0
V331652_L1373_1_P.jpg,0
V331654_L1375_1_P.jpg,0
V331657_L1378_1_P.jpg,0
V331662_L1383_1_P.jpg,0
V331665_L1386_1_P.jpg,0
V331667_L1388B_1_P.jpg,0
V331667_L1388B_1_P.jpg,0
V331667_L1388D_1_P.jpg,0
V331667_L1388E_1_P.jpg,0
V331667_L1388E_1_P.jpg,0
V331668_L1389_1_P.jpg,0
V331672_L1394_1_P.jpg,0
V331672_L1394_1_P.jpg,0
V331673_L1395_1_P.jpg,0
V331673_L1395_1_P.jpg,0
V331677_L1399_1_P.jpg,0
V331678_L1400_1_P.jpg,0
V331680_L1402_1_P.jpg,0
V331682_L1404_1_C.jpg,0
V331686_L1408_1_P.jpg,0
V331689_L1411K_1_P.jpg,0
V331689_L1411L_1_P.jpg,0
V331690_L1412_1_P.jpg,0
V331692_L1415_1_P.jpg,0
V331693_L1416_1_P.jpg,0
V331694_L1417_1_P.jpg,0
V331694_L1417_1_P.jpg,0
V331696_L1420_1_P.jpg,0
V331698_L1423_1_P.jpg,0
V331698_L1423_1_P.jpg,0
V331700_L1426_1_P.jpg,0
V331704_L1430_1_P.jpg,0
V331710_L1436_1_P.jpg,0
V331711_L1437_1_P.jpg,0
V331712_L1438_1_P.jpg,0
V331717_L1443_1_P.jpg,0
V331725_L1451_1_P.jpg,0
V331726_L1452_1_P.jpg,0
V331732_L1459_1_P.jpg,0
V331733_L1460_1_P.jpg,0
V331733_L1460_1_P.jpg,0
V331736_L1463_1_P.jpg,0
V331738_L1465_1_P.jpg,0
V331747_L1474_1_P.jpg,0
V331750_L1477_1_P.jpg,0
V331751_L1478_1_P.jpg,0
V331752_L1479_1_C.jpg,0
V331757_L1484_1_P.jpg,0
V331763_L1490_1_P.jpg,0
V331763_L1490_1_P.jpg,0
V331764_L1491_1_P.jpg,0
V331771_L1498_1_C.jpg,0
V331772_L1499_1_P.jpg,0
V331773_L1500_1_C.jpg,0
V331774_L1501_1_P.jpg,0
V331774_L1501_1_P.jpg,0
V331786_L1513_1_P.jpg,0
V331787_L1514_1_P.jpg,0
V331788_L1515_1_P.jpg,0
V331792_L1519_1_P.jpg,0
V331793_L1520_2_P.jpg,0
V331807_L1534_1_P.jpg,0
V331809_L1536_1_P.jpg,0
V331813_L1540_1_P.jpg,0
V331816_L1543_1_P.jpg,0
V331822_L1549_1_P.jpg,0
V331827_L1554_2_P.jpg,0
V331829_L1556_1_P.jpg,0
V331832_L1559_1_P.jpg,0
V331836_L1563_2_P.jpg,0
V331836_L1563_2_P.jpg,0
V331837_L1564_1_P.jpg,0
V331841_L1568_1_P.jpg,0
V331847_L1574_1_P.jpg,0
V331848_L1575_1_P.jpg,0
V331849_L1576_1_P.jpg,0
V331851_L1578_1_P.jpg,0
V331854_L1581_1_C.jpg,0
V331858_L1586_1_P.jpg,0
V331859_L1587_1_P.jpg,0
V331862_L1590_1_P.jpg,0
V331864_L1592_1_P.jpg,0
V331868_L1596_1_P.jpg,0
V331875_L1604_1_P.jpg,0
V331879_L1608_1_P.jpg,0
V331879_L1608_1_P.jpg,0
V331882_L1611_1_P.jpg,0
V331889_L1618_1_P.jpg,0
V331890_L1619_1_P.jpg,0
V331890_L1619_1_P.jpg,0
V331893_L1622_1_P.jpg,0
V331893_L1622_1_P.jpg,0
V331896_L1625_1_P.jpg,0
V331897_L1626_1_P.jpg,0
V331902_L1631_1_P.jpg,0
V331905_L1634_1_P.jpg,0
V331906_L1635C_1_P.jpg,0
V331916_L1645_1_P.jpg,0
V331917_L1646_1_P.jpg,0
V331919_L1648_1_P.jpg,0
V331919_L1648_1_P.jpg,0
V331919_L1648_1_P.jpg,0
V331922_L1651_1_P.jpg,0
V331926_L1656_1_P.jpg,0
V331929_L1659_1_C.jpg,0
V331930_L1660_1_P.jpg,0
V331931_L1661_1_P.jpg,0
V331932_L1662_1_P.jpg,0
V331934_L1664A_1_P.jpg,0
V331934_L1664B_1_C.jpg,0
V331934_L1664C_1_P.jpg,0
V331936_L1666_1_P.jpg,0
V331936_L1666_1_P.jpg,0
V331939_L1669_1_C.jpg,0
V331940_L1670_1_P.jpg,0
V331942_L1672_1_P.jpg,0
V331946_L1676_1_P.jpg,0
V331947_L1677_1_P.jpg,0
V331948_L1678_1_C.jpg,0
V331950_L1680_1_P.jpg,0
V331950_L1680_1_P.jpg,0
V331953_L1683_1_P.jpg,0
V331955_L1685_1_P.jpg,0
V331959_L1689_1_P.jpg,0
V331961_L1691_1_P.jpg,0
V331963_L1693_1_P.jpg,0
V331965_L1695_1_P.jpg,0
V331970_L1700_1_P.jpg,0
V331972_L1702_1_P.jpg,0
V331973_L1703_1_P.jpg,0
V331977_L1707_1_P.jpg,0
V331982_L1712_1_P.jpg,0
V331984_L1714_1_P.jpg,0
V331985_L1715_1_P.jpg,0
V331991_L1721_1_P.jpg,0
V331997_L1727_1_P.jpg,0
V331998_L1728_1_P.jpg,0
V331999_L1729_1_P.jpg,0
V332002_L1732_1_P.jpg,0
V332002_L1732_1_P.jpg,0
V332011_L1742_1_P.jpg,0
V332013_L1744_1_P.jpg,0
V332018_L1750_1_C.jpg,0
V332020_L1752_1_P.jpg,0
V332034_L1767_1_P.jpg,0
V332040_L1773_1_C.jpg,0
V332040_L1773_1_C.jpg,0
V332040_L1773_1_C.jpg,0
V332042_L1775_1_C.jpg,0
V332044_L1777_1_P.jpg,0
V332045_L1778_1_P.jpg,0
V332046_L1779_1_P.jpg,0
V332053_L1786_1_P.jpg,0
V332055_L1788_1_P.jpg,0
V332059_L1792_1_P.jpg,0
V332060_L1793_1_P.jpg,0
V332061_L1794_1_P.jpg,0
V332062_L1795_2_P.jpg,0
V332063_L1796_1_P.jpg,0
V332069_L1802_1_P.jpg,0
V332070_L1803_1_P.jpg,0
V332073_L1806_1_P.jpg,0
V332075_L1808_1_P.jpg,0
V332077_L1810_1_P.jpg,0
V332080_L1813_1_P.jpg,0
V332081_L1814_1_P.jpg,0
V332082_L1815_1_C.jpg,0
V332082_L1815_1_C.jpg,0
V332087_L1820_1_C.jpg,0
V332087_L1820_1_P.jpg,0
V332090_L1823_1_P.jpg,0
V332094_L1827_1_C.jpg,0
V332095_L1828_1_P.jpg,0
V332096_L1829_1_P.jpg,0
V332099_L1832_1_P.jpg,0
V332110_L1844_1_P.jpg,0
V332114_L1848_1_P.jpg,0
V332115_L1849_1_P.jpg,0
V332116_L1850_1_P.jpg,0
V332117_L1851_1_P.jpg,0
V332118_L1852_1_P.jpg,0
V332132_L1866_1_P.jpg,0
V332138_L1873_1_P.jpg,0
V332151_L1886_1_P.jpg,0
V332151_L1886_1_P.jpg,0
V332155_L1890_1_P.jpg,0
V332161_L1896_1_P.jpg,0
V332162_L1897_1_P.jpg,0
V332165_L1900_1_P.jpg,0
V332165_L1900_1_P.jpg,0
V332166_L1901_1_P.jpg,0
V332171_L1906_1_P.jpg,0
V332171_L1906_1_P.jpg,0
V332172_L1907_1_P.jpg,0
V332172_L1907_1_P.jpg,0
V332173_L1908_1_P.jpg,0
V332173_L1908_1_P.jpg,0
V332173_L1908_1_P.jpg,0
V332188_L1924_1_P.jpg,0
V332188_L1924_1_P.jpg,0
V332190_L1926_1_P.jpg,0
V332195_L1931_1_P.jpg,0
V332197_L1933_1_P.jpg,0
V332202_L1938_1_P.jpg,0
V332205_L1941_1_P.jpg,0
V332207_L1943_1_P.jpg,0
V332208_L1944_1_P.jpg,0
V332212_L1948_1_P.jpg,0
V332217_L1953_1_P.jpg,0
V332224_L1960_1_P.jpg,0
V332225_L1961_1_P.jpg,0
V332228_L1965_1_P.jpg,0
V332228_L1965_1_P.jpg,0
V332237_L1974_1_P.jpg,0
V332240_L1977_1_P.jpg,0
V332244_L1982_1_C.jpg,0
V332248_L1986_1_P.jpg,0
V332248_L1986_1_P.jpg,0
V332255_L1993_1_P.jpg,0
V332261_L1999_1_C.jpg,0
V332264_L2002_1_P.jpg,0
V332269_L2007_1_P.jpg,0
V332272_L2010_1_P.jpg,0
V332272_L2010_1_P.jpg,0
V332273_L2011_1_C.jpg,0
V332274_L2012_1_P.jpg,0
V332276_L2014_1_P.jpg,0
V332286_L2024_1_P.jpg,0
V332287_L2025_1_P.jpg,0
V332288_L2026_1_P.jpg,0
V332291_L2029_1_P.jpg,0
V332293_L2031_1_P.jpg,0
V332302_L2040_1_P.jpg,0
V332308_L2046_1_P.jpg,0
V332313_L2051_1_P.jpg,0
V332313_L2051_1_P.jpg,0
V332365_L2106_1_P.jpg,0
V332366_L2107_1_P.jpg,0
V332381_L2123_1_P.jpg,0
V332384_L2126_1_P.jpg,0
V332385_L2127_1_P.jpg,0
V332391_L2133_1_P.jpg,0
V332393_L2135_1_C.jpg,1
V332396_L2138_1_P.jpg,0
V332401_L2143_1_P.jpg,0
V332403_L2145_1_P.jpg,0
V332411_L2154_1_P.jpg,1
V332412_L2155_1_P.jpg,0
V332421_L2164_1_P.jpg,0
V332422_L2165_1_P.jpg,0
V332423_L2166_1_C.jpg,0
V332432_L2175_1_P.jpg,0
V332432_L2175_1_P.jpg,0
V332440_L2183_1_P.jpg,0
V332447_L2190_1_P.jpg,0
V332451_L2194_1_P.jpg,0
V332461_L2204_1_P.jpg,0
V332465_L2208_1_P.jpg,0
V332468_L2211_1_P.jpg,0
V332469_L2212_1_P.jpg,0
V332469_L2212_1_P.jpg,0
V332476_L2219_1_P.jpg,0
V332478_L2221_1_P.jpg,0
V332513_L2256_1_P.jpg,0
V332518_L2261_1_P.jpg,0
V332519_L2262_1_P.jpg,0
V332520_L2263_1_P.jpg,0
V332520_L2263_1_P.jpg,0
V332521_L2264_1_P.jpg,0
V332522_L2265_1_P.jpg,0
V332524_L2267_1_P.jpg,0
V332525_L2268_1_P.jpg,0
V332526_L2269_1_P.jpg,1
V332529_L2272_1_P.jpg,0
V332530_L2273_1_P.jpg,1
V332531_L2274_1_P.jpg,0
V332532_L2276_1_P.jpg,0
V332534_L2278_1_P.jpg,0
V332534_L2278_1_P.jpg,0
V332538_L2282_1_P.jpg,0
V332547_L2292_1_P.jpg,0
V332547_L2292_1_P.jpg,0
V332549_L2294_1_P.jpg,0
V332553_L2298_1_P.jpg,0
V332554_L2299_1_P.jpg,0
V332555_L2300_1_C.jpg,0
V332559_L2305_1_C.jpg,1
V332573_L2320_1_C.jpg,0
V332597_L2445_1_P.jpg,0
V332602_L2450_1_P.jpg,0
V332608_L2457_1_P.jpg,0
V332617_L2468_1_P.jpg,0
V332630_L2482_1_P.jpg,0
V332633_L2485_1_C.jpg,0
V332633_L2485_1_P.jpg,0
V332637_L2489_1_P.jpg,0
V332638_L2490_1_P.jpg,0
V332641_L2493_1_P.jpg,0
V332645_L2497_1_P.jpg,0
V332647_L2499_1_P.jpg,0
V332653_L2505_1_P.jpg,0
V332654_L2506_1_P.jpg,0
V332656_L2508_1_P.jpg,0
V332657_L2509_1_P.jpg,0
V332662_L2514_1_P.jpg,0
V332664_L2516_1_P.jpg,0
V332668_L2520_1_P.jpg,0
V332668_L2520_1_P.jpg,0
V332672_L2524_1_P.jpg,0
V332676_L2528_1_P.jpg,0
V332677_L2529_1_P.jpg,0
V332679_L2531_1_P.jpg,0
V332681_L2533_1_P.jpg,0
V332682_L2534_1_P.jpg,0
V332684_L2537_1_P.jpg,0
V332685_L2538_1_P.jpg,0
V332688_L2541_1_P.jpg,0
V332688_L2541_1_P.jpg,0
V332689_L2542_2_P.jpg,0
V332693_L2546_1_P.jpg,0
V332696_L2549_1_P.jpg,0
V332700_L2553_1_P.jpg,0
V332703_L2556_1_P.jpg,0
V332704_L2557_1_P.jpg,0
V332705_L2558_1_P.jpg,0
V332705_L2558_1_P.jpg,0
V332708_L2561_1_P.jpg,0
V332709_L2562_1_P.jpg,0
V332710_L2563_1_P.jpg,0
V332711_L2564_2_P.jpg,0
V332712_L2565_1_P.jpg,0
V332715_L2568_1_P.jpg,0
V332717_L2570_1_P.jpg,0
V332722_L2575_1_C.jpg,0
V332723_L2576_1_P.jpg,0
V332726_L2580_1_P.jpg,0
V332731_L2585A_1_P.jpg,0
V332731_L2585B_1_P.jpg,0
V332731_L2585B_1_P.jpg,0
V332732_L2586_1_P.jpg,0
V332732_L2586_1_P.jpg,0
V332740_L2594_1_P.jpg,0
V332741_L2595_1_P.jpg,0
V332742_L2596_1_P.jpg,0
V332746_L2600_1_P.jpg,0
V332746_L2600_1_P.jpg,0
V332750_L2604_1_P.jpg,0
V332755_L2609_1_P.jpg,0
V332756_L2610_1_P.jpg,0
V332758_L2612_1_P.jpg,0
V332761_L2615_1_P.jpg,0
V332763_L2617_1_P.jpg,0
V332765_L2619_1_P.jpg,0
V332766_L2620_1_P.jpg,0
V332767_L2621_1_P.jpg,0
V332770_L2625_1_P.jpg,0
V332774_L2629_1_C.jpg,0
V332774_L2629_1_C.jpg,0
V332774_L2629_1_P.jpg,0
V332775_L2630_1_P.jpg,0
V332776_L2631_1_P.jpg,0
V332777_L2632_1_P.jpg,0
V332778_L2633_1_P.jpg,0
V332779_L2634_1_P.jpg,0
V332780_L2635A_1_P.jpg,0
V332780_L2635B_1_P.jpg,0
V332782_L2637_1_P.jpg,0
V332782_L2637_1_P.jpg,0
V332783_L2638_1_P.jpg,0
V332788_L2643_1_P.jpg,0
V332789_L2644B_1_P.jpg,0
V332791_L2646_1_P.jpg,0
V332792_L2647_1_P.jpg,0
V332795_L2650_1_P.jpg,0
V332798_L2653_1_P.jpg,0
V332799_L2654_1_P.jpg,0
V332800_L2655_2_P.jpg,0
V332801_L2656_1_P.jpg,0
V332802_L2657_1_P.jpg,0
V332803_L2658_1_P.jpg,0
V332806_L2661_1_P.jpg,0
V332807_L2662_1_P.jpg,0
V332808_L2663_1_P.jpg,0
V332809_L2664_1_P.jpg,0
V332810_L2665_1_P.jpg,0
V332812_L2667_1_P.jpg,0
V332813_L2668_1_C.jpg,0
V332814_L2669_1_P.jpg,0
V332815_L2670_1_P.jpg,0
V332815_L2670_1_P.jpg,0
V332816_L2671_1_P.jpg,0
V332820_L2675A_1_P.jpg,0
V332820_L2675B_1_P.jpg,0
V332821_L2676_1_P.jpg,0
V332822_L2677_1_P.jpg,0
V332823_L2678_1_P.jpg,0
V332829_L2684A_1_P.jpg,0
V332829_L2684B_1_P.jpg,0
V332829_L2684B_1_P.jpg,0
V332831_L2686_1_P.jpg,0
V332831_L2686_1_P.jpg,0
V332832_L2687_1_P.jpg,0
V332835_L2690_1_P.jpg,0
V332835_L2690_1_P.jpg,0
V332837_L2692_1_P.jpg,0
V332838_L2693_1_P.jpg,0
V332838_L2693_1_P.jpg,0
V332839_L2694_1_P.jpg,0
V332841_L2696_1_P.jpg,0
V332842_L2697_1_P.jpg,0
V332843_L2698_1_C.jpg,0
V332843_L2698_1_P.jpg,0
V332843_L2698_1_P.jpg,0
V332844_L2699_1_C.jpg,0
V332847_L2702_1_P.jpg,0
V332849_L2704_1_P.jpg,0
V332850_L2705_1_P.jpg,0
V332851_L2706_1_P.jpg,0
V332852_L2707_1_P.jpg,0
V332853_L2708_1_P.jpg,0
V332856_L2711_1_P.jpg,0
V332857_L2712_1_C.jpg,0
V332857_L2712_1_C.jpg,0
V332862_L2717_1_P.jpg,0
V332863_L2718_2_P.jpg,0
V332864_L2719_1_P.jpg,0
V332864_L2719_1_P.jpg,0
V332866_L2721_1_P.jpg,0
V332871_L2726_1_P.jpg,0
V332872_L2727_1_P.jpg,0
V332876_L2731_1_P.jpg,0
V332895_L2750_1_P.jpg,0
V332897_L2752_1_P.jpg,0
V332897_L2752_1_P.jpg,0
V332902_L2757_1_C.jpg,0
V332903_L2758_1_C.jpg,1
V332903_L2758_1_P.jpg,1
V332904_L2759_1_P.jpg,0
V332905_L2760_1_P.jpg,0
V332906_L2761_1_P.jpg,0
V332907_L2762_1_P.jpg,0
V332908_L2763_1_P.jpg,0
V332908_L2763_1_P.jpg,0
V332917_L2772_1_P.jpg,0
V332917_L2772_1_P.jpg,0
V332918_L2773_1_P.jpg,0
V332921_L2776_1_P.jpg,0
V332923_L2778_1_P.jpg,0
V332926_L2781_1_P.jpg,0
V332928_L2783_1_P.jpg,0
V332928_L2783_1_P.jpg,0
V332934_L2789_1_P.jpg,0
V332935_L2790_1_P.jpg,0
V332937_L2792_1_P.jpg,0
V332939_L2794_1_P.jpg,0
V332955_L2810_1_P.jpg,0
V332956_L2811_1_P.jpg,0
V332957_L2812_1_P.jpg,0
V332960_L2815_1_P.jpg,0
V332963_L2818_1_P.jpg,1
V332964_L2819_1_P.jpg,0
V332965_L2820_1_P.jpg,0
V332966_L2821_1_P.jpg,0
V332967_L2822_1_P.jpg,0
V332967_L2822_1_P.jpg,0
V332968_L2823_2_P.jpg,0
V332971_L2826_1_P.jpg,0
V332975_L2830_1_P.jpg,0
V332977_L2832_1_P.jpg,0
V332982_L2837_1_P.jpg,0
V332987_L2842_1_P.jpg,0
V332988_L2843_1_P.jpg,0
V332989_L2844_1_P.jpg,0
V332990_L2845_1_P.jpg,0
V332991_L2846_1_P.jpg,0
V332992_L2847_1_P.jpg,0
V332994_L2849_1_P.jpg,0
V332996_L2851_1_P.jpg,0
V333000_L2855_1_P.jpg,0
V333001_L2856_1_P.jpg,0
V333016_L2871_1_P.jpg,0
V333017_L2872_1_P.jpg,0
V333019_L2874_1_P.jpg,0
V333022_L2877_1_P.jpg,0
V333024_L2879_1_P.jpg,0
V333025_L2880_1_P.jpg,0
V333026_L2881_1_P.jpg,0
V333029_L2884_1_P.jpg,0
V333030_L2885_1_C.jpg,0
V333030_L2885_1_C.jpg,0
V333032_L2887_1_P.jpg,0
V333032_L2887_1_P.jpg,0
V333036_L2891_1_P.jpg,0
V333036_L2891_1_P.jpg,0
V333037_L2892_1_P.jpg,0
V333037_L2892_1_P.jpg,0
V333038_L2893_1_P.jpg,0
V333044_L2899_1_P.jpg,0
V333046_L2901_1_P.jpg,0
V333048_L2903_1_P.jpg,0
V333051_L2906_1_P.jpg,0
V333052_L2907_1_P.jpg,0
V333053_L2908_1_P.jpg,0
V333057_L2912_1_P.jpg,0
V333058_L2913_1_P.jpg,0
V333059_L2914_1_P.jpg,0
V333065_L2920_1_P.jpg,0
V333067_L2922_1_C.jpg,0
V333069_L2924_1_P.jpg,0
V333070_L2925_1_P.jpg,0
V333071_L2926_1_P.jpg,0
V333074_L2929_1_C.jpg,0
V333076_L2931_1_P.jpg,0
V333078_L2933_1_P.jpg,0
V333082_L2937_1_P.jpg,0
V333083_L2938_1_P.jpg,0
V333084_L2939_1_P.jpg,0
V333087_L2942_1_P.jpg,0
V333093_L2949_1_P.jpg,0
V333102_L2958_1_C.jpg,0
V333105_L2961_1_P.jpg,0
V333106_L2962_1_P.jpg,0
V333110_L2966_1_P.jpg,1
V333114_L2970_1_P.jpg,0
V333116_L2972_1_P.jpg,0
V333126_L2982_1_P.jpg,0
V333128_L2984_1_P.jpg,0
V333130_L2986_1_P.jpg,0
V333130_L2986_1_P.jpg,0
V333131_L2987_1_P.jpg,0
V333132_L2988_1_P.jpg,0
V333133_L2989_1_P.jpg,0
V333134_L2990_1_P.jpg,0
V333135_L2991_1_P.jpg,0
V333140_L2996_1_P.jpg,0
V333142_L2998_1_P.jpg,0
V333143_L2999_1_P.jpg,0
V333143_L3000_1_P.jpg,1
V333145_L3001_1_P.jpg,0
V333146_L3002_1_P.jpg,0
V333148_L3006_1_P.jpg,0
V333151_L3009_1_P.jpg,0
V333152_L3010_1_P.jpg,0
V333154_L3012_1_P.jpg,0
V333155_L3013_1_P.jpg,0
V333156_L3014_1_P.jpg,0
V333158_L3016_1_P.jpg,0
V333159_L3017_1_P.jpg,0
V333160_L3018_1_P.jpg,0
V333161_L3019_1_P.jpg,0
V333163_L3021_1_P.jpg,0
V333166_L3024_1_P.jpg,0
V333166_L3024_1_P.jpg,0
V333168_L3026_1_P.jpg,0
V333170_L3028_1_P.jpg,0
V333172_L3030_1_P.jpg,0
V333173_L3031_1_P.jpg,0
V333174_L3032_1_P.jpg,0
V333185_L3043_1_P.jpg,0
V333186_L3044_1_P.jpg,0
V333188_L3047_1_P.jpg,0
V333191_L3050_1_P.jpg,0
V333193_L3052_1_P.jpg,0
V333197_L3056_1_P.jpg,0
V333199_L3058_1_C.jpg,0
V333200_L3059_1_P.jpg,0
V333203_L3062_1_P.jpg,0
V333204_L3063_1_P.jpg,0
V333205_L3064_1_P.jpg,0
V333206_L3065_1_P.jpg,0
V333206_L3065_1_P.jpg,0
V333208_L3067_1_P.jpg,0
V333209_L3068_1_P.jpg,0
V333210_L3069_1_P.jpg,0
V333211_L3070_1_P.jpg,0
V333213_L3072_1_P.jpg,0
V333217_L3076_1_P.jpg,0
V333220_L3079_1_P.jpg,0
V333282_L3141_1_C.jpg,0
V333346_L3206_1_P.jpg,0
V333346_L3206_1_P.jpg,0
V333347_L3207_1_P.jpg,0
V333347_L3207_1_P.jpg,0
V333349_L3209_1_P.jpg,0
V333350_L3210_1_P.jpg,0
V333351_L3211_1_P.jpg,0
V333352_L3212_1_P.jpg,0
V333354_L3214_1_P.jpg,0
V333375_L3216_1_P.jpg,0
V333377_L3218_1_P.jpg,0
V333378_L3219_1_P.jpg,0
V333380_L3221_1_P.jpg,0
V333388_L3229_1_P.jpg,0
V333389_L3230_1_P.jpg,0
V333391_L3232_1_P.jpg,0
V333392_L3233_1_P.jpg,0
V333394_L3236_1_P.jpg,0
V333403_L3245_1_P.jpg,0
V333404_L3246_1_P.jpg,0
V333405_L3247_1_P.jpg,0
V333409_L3251_1_P.jpg,0
V333410_L3252_1_P.jpg,0
V333414_L3256_1_P.jpg,0
V333415_L3257_1_P.jpg,0
V333420_L3262_1_P.jpg,0
V333421_L3263_1_P.jpg,0
V333422_L3264_1_P.jpg,0
V333423_L3265_1_P.jpg,0
V333425_L3267_1_P.jpg,0
V333426_L3268_1_P.jpg,0
V333428_L3270_1_P.jpg,0
V333431_L3273_1_P.jpg,0
V333432_L3274_1_P.jpg,0
V333435_L3277_1_P.jpg,0
V333436_L3278_1_P.jpg,0
V333437_L3279_1_P.jpg,0
V333438_L3280_1_P.jpg,0
V333440_L3282_1_P.jpg,0
V333441_L3283_1_P.jpg,0
V333442_L3284_1_P.jpg,0
V333446_L3288_1_P.jpg,0
V333447_L3289_1_P.jpg,0
V333450_L3292_1_P.jpg,0
V333451_L3293_1_P.jpg,0
V333452_L3294_1_P.jpg,0
V333454_L3296_1_P.jpg,0
V333456_L3298_1_P.jpg,0
V333463_L3305_1_P.jpg,0
V333465_L3307_1_P.jpg,0
V333466_L3308_1_P.jpg,0
V333469_L3311_1_P.jpg,0
V333470_L3312_1_P.jpg,0
V333476_L3318_1_P.jpg,0
V333477_L3319_1_P.jpg,0
V333484_L3326_1_P.jpg,0
V333485_L3327_1_P.jpg,0
V333486_L3328_1_P.jpg,0
V333487_L3329_1_P.jpg,0
V333488_L3330_1_P.jpg,0
V333492_L3334_1_P.jpg,0
V333493_L3335_1_P.jpg,0
V333500_L3342_1_P.jpg,0
V333504_L3346_1_P.jpg,0
V333505_L3347_1_P.jpg,0
V333506_L3348_1_P.jpg,0
V333506_L3348_1_P.jpg,0
V333507_L3349_1_P.jpg,0
V333508_L3350_1_P.jpg,0
V333509_L3351_1_P.jpg,0
V333510_L3352_1_P.jpg,0
V333511_L3353_1_P.jpg,0
V333512_L3354_1_P.jpg,0
V333518_L3360_1_P.jpg,0
V333518_L3360_1_P.jpg,0
V333518_L3360_1_P.jpg,0
V333520_L3362_1_P.jpg,0
V333523_L3365_1_P.jpg,0
V333528_L3370_1_P.jpg,0
V333529_L3371_1_P.jpg,0
V333530_L3372_1_P.jpg,0
V333531_L3373_1_P.jpg,0
V333542_L3384_1_P.jpg,0
V333544_L3386_1_P.jpg,0
V333545_L3387_1_P.jpg,0
V333545_L3387_1_P.jpg,0
V333546_L3388_1_P.jpg,0
V333547_L3389_1_P.jpg,0
V333552_L3394_1_P.jpg,0
V333555_L3397_1_P.jpg,0
V333559_L3401_1_P.jpg,0
V333564_L3407_1_P.jpg,0
V333566_L3409_1_P.jpg,0
V333569_L3412_1_P.jpg,0
V333571_L3415_1_P.jpg,0
V333579_L3423_1_P.jpg,0
V333582_L3426_1_P.jpg,0
V333591_L3435_1_P.jpg,0
V333593_L3437_1_P.jpg,0
V333593_L3437_1_P.jpg,0
V333596_L3440_1_P.jpg,0
V333598_L3442_1_P.jpg,0
V333600_L3444_1_P.jpg,0
V333602_L3446_1_P.jpg,0
V333604_L3448_1_P.jpg,0
V333605_L3449_1_P.jpg,0
V333607_L3451_1_P.jpg,0
V333609_L3453_1_P.jpg,0
V333610_L3454_1_P.jpg,0
V333610_L3454_1_P.jpg,0
V333611_L3455_1_P.jpg,0
V333614_L3458_1_P.jpg,0
V333616_L3460_1_P.jpg,0
V333620_L3464_1_P.jpg,0
V333627_L3471_1_P.jpg,0
V333632_L3476_1_P.jpg,0
V333635_L3479_1_P.jpg,0
V333637_L3481_1_P.jpg,0
V333641_L3485_1_P.jpg,0
V333646_L3490_1_P.jpg,0
V333647_L3491_1_P.jpg,0
V333648_L3492_1_P.jpg,0
V333651_L3495_1_P.jpg,0
V333651_L3495_1_P.jpg,0
V333654_L3498_1_P.jpg,0
V333655_L3499_1_P.jpg,0
V333656_L3500_1_P.jpg,0
V333659_L3503_1_P.jpg,0
V333660_L3504_1_P.jpg,0
V333662_L3506_1_P.jpg,0
V333663_L3507_1_P.jpg,0
V333666_L3510_1_P.jpg,0
V333675_L3519_1_P.jpg,0
V333676_L3520_1_P.jpg,0
V333677_L3521_1_P.jpg,0
V333679_L3523_1_P.jpg,0
V333680_L3524_1_P.jpg,0
V333684_L3529_1_P.jpg,0
V333691_L3536_1_P.jpg,0
V333695_L3540_1_P.jpg,0
V333696_L3541_1_P.jpg,0
V333698_L3544_1_P.jpg,0
V333699_L3545_1_P.jpg,0
V333702_L3548_1_P.jpg,0
V333704_L3550_1_P.jpg,0
V333704_L3550_1_P.jpg,0
V333706_L3552_1_P.jpg,0
V333709_L3555_1_P.jpg,0
V333710_L3556_1_P.jpg,0
V333711_L3557_1_P.jpg,0
V333714_L3560_1_P.jpg,0
V333715_L3561_1_P.jpg,0
V333716_L3562_1_P.jpg,0
V333717_L3563_1_P.jpg,0
V333719_L3565_1_P.jpg,0
V333727_L3573_1_P.jpg,0
V333734_L3580_1_P.jpg,0
V333737_L3583_1_P.jpg,0
V333738_L3584_1_P.jpg,0
V333752_L3598_1_P.jpg,0
V333752_L3598_1_P.jpg,0
V333756_L3602_1_P.jpg,0
V333757_L3603_1_P.jpg,0
V333757_L3603_1_P.jpg,0
V333764_L3610_1_P.jpg,0
V333765_L3611_1_P.jpg,0
V333821_L3667_1_P.jpg,0
V333843_L3689_1_P.jpg,0
V333844_L3690_1_P.jpg,0
V333867_L3713_2_P.jpg,0
V333872_L3718_1_C.jpg,0
V333877_L3723_1_P.jpg,0
V333878_L3724_1_P.jpg,0
V333882_L3728_1_P.jpg,0
V333935_L3785_1_P.jpg,0
V333937_L3787_1_P.jpg,0
V333984_L3853_1_P.jpg,0
V333985_L3854_1_P.jpg,0
V333988_L3857_1_P.jpg,0
V333990_L3859_1_P.jpg,0
V333995_L3864_1_P.jpg,0
V333996_L3865_1_P.jpg,0
V334000_L3869_1_P.jpg,0
V334002_L3871_1_P.jpg,0
V334005_L3875_1_P.jpg,0
V334040_L3910_1_P.jpg,0
V334046_L3916_1_P.jpg,0
V334047_L3917_1_P.jpg,0
V334050_L3920_1_P.jpg,0
V334053_L3923_1_P.jpg,0
V334053_L3923_1_P.jpg,0
V334053_L3923_1_P.jpg,0
V334059_L3929_1_C.jpg,0
V334060_L3930_1_P.jpg,0
V334062_L3932_1_P.jpg,0
V334063_L3933_1_P.jpg,0
V334064_L3934_1_P.jpg,0
V334155_L3973_1_P.jpg,0
V334156_L3974_1_P.jpg,0
V334157_L3975_1_P.jpg,0
V334158_L3976_1_P.jpg,0
V334160_L3978_1_P.jpg,0
V334161_L3979_1_P.jpg,0
V334166_L3984_1_P.jpg,0
V334233_L4052_1_P.jpg,0
V334234_L4053_1_P.jpg,0
V334235_L4054_1_P.jpg,0
V334272_L4091_1_P.jpg,0
V334272_L4091_1_P.jpg,0
V334312_L4133_1_P.jpg,0
V334314_L4135_1_P.jpg,0
V334314_L4135_1_P.jpg,0
V334315_L4137_1_P.jpg,0
V334352_L4174_1_P.jpg,0
V334359_L4183_1_P.jpg,0
V334360_L4184_1_P.jpg,0
V334360_L4184_1_P.jpg,0
V334365_L4189_1_C.jpg,0
V334376_L4200_1_C.jpg,0
V334376_L4200_1_P.jpg,0
V334377_L4201_1_P.jpg,0
V334395_L4221_1_C.jpg,0
V334462_L4290_1_C.jpg,0
V334529_L4357_1_P.jpg,0
V334530_L4358_1_P.jpg,0
V334546_L4374_1_P.jpg,0
V334548_L4376_1_P.jpg,0
V334552_L4380_1_P.jpg,0
V334555_L4383_1_P.jpg,0
V334576_L4404_1_P.jpg,0
V334687_L4515_1_P.jpg,0
V334708_L4537_1_P.jpg,0
V334712_L4541_1_P.jpg,0
V334751_L4580_1_P.jpg,0
V334751_L4580_1_P.jpg,0
V334753_L4582_1_P.jpg,0
V334772_L4603_1_P.jpg,0
V334831_L4663_1_P.jpg,0
V334875_L4708_1_P.jpg,0
V334890_L4723_1_P.jpg,0
V334916_L4891_1_P.jpg,0